Loading user config located at: '/data/ebulochkin/envs/isaac-s1-candidate-b/lib/python3.12/site-packages/isaacsim/kit/data/Kit/IsaacLab/3.0/user.config.json'
2026-09-16T13:45:42Z [Info] [carb] Logging to file: /data/ebulochkin/envs/isaac-s1-candidate-b/lib/python3.12/site-packages/isaacsim/kit/logs/Kit/IsaacLab/3.0/kit_20260916_164542.log
2026-09-16T13:45:42Z [126ms] [Warning] [omni.ext.plugin] [ext: isaaclab_mimic] Extensions config 'extension.toml' doesn't exist '/data/ebulochkin/isaaclab_candidate_qualification/20260907/candidate_b_exact/source/isaaclab_mimic' or '/data/ebulochkin/isaaclab_candidate_qualification/20260907/candidate_b_exact/source/isaaclab_mimic/config'
2026-09-16T13:45:42Z [126ms] [Warning] [omni.ext.plugin] [ext: isaaclab_ppisp] Extensions config 'extension.toml' doesn't exist '/data/ebulochkin/isaaclab_candidate_qualification/20260907/candidate_b_exact/source/isaaclab_ppisp' or '/data/ebulochkin/isaaclab_candidate_qualification/20260907/candidate_b_exact/source/isaaclab_ppisp/config'
2026-09-16T13:45:42Z [137ms] [Warning] [omni.ext.plugin] [ext: isaaclab_ovphysx] Extensions config 'extension.toml' doesn't exist '/data/ebulochkin/isaaclab_candidate_qualification/20260907/candidate_b_exact/source/isaaclab_ovphysx' or '/data/ebulochkin/isaaclab_candidate_qualification/20260907/candidate_b_exact/source/isaaclab_ovphysx/config'
2026-09-16T13:45:42Z [137ms] [Warning] [omni.ext.plugin] [ext: isaaclab_tasks_experimental] Extensions config 'extension.toml' doesn't exist '/data/ebulochkin/isaaclab_candidate_qualification/20260907/candidate_b_exact/source/isaaclab_tasks_experimental' or '/data/ebulochkin/isaaclab_candidate_qualification/20260907/candidate_b_exact/source/isaaclab_tasks_experimental/config'
2026-09-16T13:45:42Z [137ms] [Warning] [omni.ext.plugin] [ext: isaaclab_teleop] Extensions config 'extension.toml' doesn't exist '/data/ebulochkin/isaaclab_candidate_qualification/20260907/candidate_b_exact/source/isaaclab_teleop' or '/data/ebulochkin/isaaclab_candidate_qualification/20260907/candidate_b_exact/source/isaaclab_teleop/config'
2026-09-16T13:45:42Z [140ms] [Warning] [omni.ext.plugin] [ext: isaaclab_experimental] Extensions config 'extension.toml' doesn't exist '/data/ebulochkin/isaaclab_candidate_qualification/20260907/candidate_b_exact/source/isaaclab_experimental' or '/data/ebulochkin/isaaclab_candidate_qualification/20260907/candidate_b_exact/source/isaaclab_experimental/config'
2026-09-16T13:45:42Z [140ms] [Warning] [omni.ext.plugin] [ext: isaaclab_newton] Extensions config 'extension.toml' doesn't exist '/data/ebulochkin/isaaclab_candidate_qualification/20260907/candidate_b_exact/source/isaaclab_newton' or '/data/ebulochkin/isaaclab_candidate_qualification/20260907/candidate_b_exact/source/isaaclab_newton/config'
2026-09-16T13:45:42Z [140ms] [Warning] [omni.ext.plugin] [ext: isaaclab_ov] Extensions config 'extension.toml' doesn't exist '/data/ebulochkin/isaaclab_candidate_qualification/20260907/candidate_b_exact/source/isaaclab_ov' or '/data/ebulochkin/isaaclab_candidate_qualification/20260907/candidate_b_exact/source/isaaclab_ov/config'
2026-09-16T13:45:42Z [140ms] [Warning] [omni.ext.plugin] [ext: isaaclab_visualizers] Extensions config 'extension.toml' doesn't exist '/data/ebulochkin/isaaclab_candidate_qualification/20260907/candidate_b_exact/source/isaaclab_visualizers' or '/data/ebulochkin/isaaclab_candidate_qualification/20260907/candidate_b_exact/source/isaaclab_visualizers/config'
2026-09-16T13:45:42Z [150ms] [Warning] [omni.ext.plugin] [ext: isaaclab_assets] Extensions config 'extension.toml' doesn't exist '/data/ebulochkin/isaaclab_candidate_qualification/20260907/candidate_b_exact/source/isaaclab_assets' or '/data/ebulochkin/isaaclab_candidate_qualification/20260907/candidate_b_exact/source/isaaclab_assets/config'
2026-09-16T13:45:42Z [150ms] [Warning] [omni.ext.plugin] [ext: isaaclab_contrib] Extensions config 'extension.toml' doesn't exist '/data/ebulochkin/isaaclab_candidate_qualification/20260907/candidate_b_exact/source/isaaclab_contrib' or '/data/ebulochkin/isaaclab_candidate_qualification/20260907/candidate_b_exact/source/isaaclab_contrib/config'
WARNING: All log messages before absl::InitializeLog() is called are written to STDERR
E0000 00:00:1789566343.348180 2889097 descriptor_database.cc:633] File already exists in database: grpc/health/v1/health.proto
W0000 00:00:1789566343.348567 2889097 message.cc:301] Protobuf GeneratedMessageFactory: File is already registered: grpc/health/v1/health.proto
2026-09-16T13:45:42Z [150ms] [Warning] [omni.ext.plugin] [ext: isaaclab_rl] Extensions config 'extension.toml' doesn't exist '/data/ebulochkin/isaaclab_candidate_qualification/20260907/candidate_b_exact/source/isaaclab_rl' or '/data/ebulochkin/isaaclab_candidate_qualification/20260907/candidate_b_exact/source/isaaclab_rl/config'
2026-09-16T13:45:42Z [153ms] [Warning] [omni.ext.plugin] [ext: isaaclab_physx] Extensions config 'extension.toml' doesn't exist '/data/ebulochkin/isaaclab_candidate_qualification/20260907/candidate_b_exact/source/isaaclab_physx' or '/data/ebulochkin/isaaclab_candidate_qualification/20260907/candidate_b_exact/source/isaaclab_physx/config'
2026-09-16T13:45:42Z [162ms] [Warning] [omni.ext.plugin] [ext: isaaclab_tasks] Extensions config 'extension.toml' doesn't exist '/data/ebulochkin/isaaclab_candidate_qualification/20260907/candidate_b_exact/source/isaaclab_tasks' or '/data/ebulochkin/isaaclab_candidate_qualification/20260907/candidate_b_exact/source/isaaclab_tasks/config'
2026-09-16T13:45:42Z [164ms] [Warning] [omni.ext.plugin] [ext: isaaclab] Extensions config 'extension.toml' doesn't exist '/data/ebulochkin/isaaclab_candidate_qualification/20260907/candidate_b_exact/source/isaaclab' or '/data/ebulochkin/isaaclab_candidate_qualification/20260907/candidate_b_exact/source/isaaclab/config'
[0.456s] [ext: omni.assets.plugins-0.0.0] startup
[0.464s] [ext: omni.blobkey-1.1.2] startup
[0.466s] [ext: omni.kit.async_engine-0.0.3] startup
[0.696s] [ext: omni.client.lib-1.1.1] startup
[0.768s] [ext: omni.client-1.3.0] startup
[0.789s] [ext: omni.protobuf.lib-1.0.0] startup
[0.803s] [ext: omni.grpc.lib-1.0.0] startup
[0.834s] [ext: omni.metrics.core-0.0.3] startup
[0.835s] [ext: omni.datastore-0.0.0] startup
[0.842s] [ext: omni.gpu_foundation.shadercache.vulkan-1.0.0] startup
[0.845s] [ext: omni.hsscclient-1.1.4] startup
[0.848s] [ext: omni.stats-1.0.1] startup
[0.852s] [ext: omni.ujitso.default-1.0.0] startup
[0.867s] [ext: omni.gpu_foundation-0.0.0] startup
[1.134s] [ext: carb.windowing.plugins-1.0.1] startup
[1.137s] [ext: omni.kit.renderer.init-1.0.1] startup
2026-09-16T13:45:43Z [883ms] [Warning] [omni.platforminfo.plugin] failed to open the default display.  Can't verify X Server version.
2026-09-16T13:45:43Z [1,074ms] [Warning] [carb.windowing-glfw.plugin] GLFW initialization failed.
2026-09-16T13:45:43Z [1,074ms] [Warning] [carb] Failed to startup plugin carb.windowing-glfw.plugin (interfaces: [carb::windowing::IGLContext v1.0],[carb::windowing::IWindowing v1.5]) (impl: carb.windowing-glfw.plugin)
2026-09-16T13:45:43Z [1,142ms] [Warning] [omni.rtx] Skipping unsupported non-NVIDIA GPU: Intel(R) Graphics (RPL-S)
2026-09-16T13:45:43Z [1,142ms] [Warning] [omni.rtx] Skipping unsupported non-NVIDIA GPU: Intel(R) Graphics (RPL-S)

|---------------------------------------------------------------------------------------------|
| Driver Version: 580.159.03    | Graphics API: Vulkan
|=============================================================================================|
| GPU | Name                             | Active | LDA | GPU Memory | Vendor-ID | LUID       |
|     |                                  |        |     |            | Device-ID | UUID       |
|     |                                  |        |     |            | Bus-ID    |            |
|---------------------------------------------------------------------------------------------|
| 0   | NVIDIA GeForce RTX 4090          | Yes: 0 |     | 24564   MB | 10de      | 0          |
|     |                                  |        |     |            | 2684      | 0b554a02.. |
|     |                                  |        |     |            | 1         |            |
|---------------------------------------------------------------------------------------------|
| 1   | Intel(R) Graphics (RPL-S)        |        |     | 23894   MB | 8086      | 0          |
|     |                                  |        |     |            | a780      | 868080a7.. |
|     |                                  |        |     |            | 0         |            |
|=============================================================================================|
| OS: 22.04.5 LTS (Jammy Jellyfish) ubuntu, Version: 22.04.5, Kernel: 6.8.0-124-generic
| Processor: 13th Gen Intel(R) Core(TM) i7-13700K
| Bare Metal Cores: 16 | Bare Metal Logical Cores: 32
| Available Cores:  24 
|---------------------------------------------------------------------------------------------|
| Total Memory (MB): 31859 | Free Memory: 20525
| Total Page/Swap (MB): 67583 | Free Page/Swap: 64597
|---------------------------------------------------------------------------------------------|
2026-09-16T13:45:44Z [1,390ms] [Warning] [omni.rtx] CPU performance profile is set to powersave. This profile sets the CPU to the lowest frequency reducing performance.
2026-09-16T13:45:44Z [1,398ms] [Warning] [omni.rtx] IOMMU is enabled.
[1.793s] [ext: omni.kit.pipapi-0.0.0] startup
[1.795s] [ext: omni.kit.telemetry-0.5.2] startup
[1.832s] [ext: omni.kit.loop-isaac-1.6.0] startup
[1.836s] [ext: omni.kit.test-2.0.7] startup
[1.929s] [ext: omni.materialx.libs-1.0.9] startup
[1.952s] [ext: omni.gpucompute.plugins-0.0.0] startup
[1.955s] [ext: omni.usd.config-1.0.7] startup
[1.961s] [ext: omni.usd.libs-1.0.3] startup
[2.309s] [ext: omni.iray.libs-0.0.1] startup
[2.416s] [ext: omni.mdl-57.0.3] startup
[2.447s] [ext: omni.mdl.neuraylib-0.2.20] startup
[2.454s] [ext: omni.kit.usd.mdl-1.1.9] startup
[2.714s] [ext: omni.appwindow-1.2.2] startup
[2.718s] [ext: omni.kit.renderer.core-1.2.2] startup
2026-09-16T13:45:45Z [2,461ms] [Warning] [carb.windowing-glfw.plugin] GLFW initialization failed.
2026-09-16T13:45:45Z [2,461ms] [Warning] [carb] Failed to startup plugin carb.windowing-glfw.plugin (interfaces: [carb::windowing::IGLContext v1.0],[carb::windowing::IWindowing v1.5]) (impl: carb.windowing-glfw.plugin)
[2.751s] [ext: omni.kit.renderer.capture-2.0.1] startup
[2.757s] [ext: omni.kit.renderer.imgui-2.0.6] startup
2026-09-16T13:45:45Z [2,497ms] [Warning] [carb.windowing-glfw.plugin] GLFW initialization failed.
2026-09-16T13:45:45Z [2,497ms] [Warning] [carb] Failed to startup plugin carb.windowing-glfw.plugin (interfaces: [carb::windowing::IGLContext v1.0],[carb::windowing::IWindowing v1.5]) (impl: carb.windowing-glfw.plugin)
2026-09-16T13:45:45Z [2,498ms] [Warning] [carb.windowing-glfw.plugin] GLFW initialization failed.
2026-09-16T13:45:45Z [2,498ms] [Warning] [carb] Failed to startup plugin carb.windowing-glfw.plugin (interfaces: [carb::windowing::IGLContext v1.0],[carb::windowing::IWindowing v1.5]) (impl: carb.windowing-glfw.plugin)
[2.820s] [ext: omni.ui-3.2.0] startup
[2.847s] [ext: omni.kit.mainwindow-1.0.3] startup
[2.849s] [ext: carb.audio-0.1.0] startup
[2.858s] [ext: omni.uiaudio-1.0.0] startup
[2.861s] [ext: omni.kit.uiapp-0.0.0] startup
[2.861s] [ext: omni.usd.schema.metrics.assembler-110.1.0] startup
[2.864s] [ext: omni.usd.schema.anim-0.0.1] startup
[2.901s] [ext: omni.usd.schema.audio-0.0.1] startup
[2.907s] [ext: omni.usd.schema.geospatial-0.0.1] startup
[2.911s] [ext: omni.usd.schema.semantics-0.0.0] startup
[2.916s] [ext: omni.activity.core-1.0.3] startup
[2.919s] [ext: omni.cubric-0.1.0] startup
[2.922s] [ext: omni.graph.exec-0.9.6] startup
[2.923s] [ext: omni.usd_resolver-1.0.0] startup
[2.931s] [ext: omni.usd.core-1.8.3] startup
[2.949s] [ext: omni.hydra.scene_delegate-0.3.5] startup
[2.957s] [ext: usdrt.scenegraph-7.6.3] startup
[3.030s] [ext: omni.hydra.usdrt_delegate-7.5.2] startup
[3.046s] [ext: omni.kit.actions.core-1.0.0] startup
[3.050s] [ext: omni.kit.audiodeviceenum-1.0.2] startup
[3.053s] [ext: omni.kit.commands-1.5.0] startup
[3.059s] [ext: omni.kit.exec.core-0.13.5] startup
[3.063s] [ext: omni.kit.usd_undo-0.1.8] startup
[3.064s] [ext: omni.kit.window.popup_dialog-2.0.25] startup
[3.070s] [ext: omni.kit.widget.nucleus_connector-2.3.1] startup
[3.075s] [ext: omni.timeline-1.1.0] startup
[3.079s] [ext: omni.usd-1.16.0] startup
[3.557s] [ext: omni.kit.asset_converter-6.0.1] startup
[3.606s] [ext: omni.usd.schema.newton-1.2.1] startup
[3.607s] [ext: omni.usd.schema.omni_projectors-1.0.0] startup
[3.608s] [ext: omni.usd.schema.omni_sensors-0.0.0] startup
[3.623s] [ext: omni.usd.schema.omnigraph-1.0.1] startup
[3.633s] [ext: omni.usd.schema.physical_lighting-0.1.0] startup
[3.639s] [ext: omni.usd.schema.physx-110.1.13] startup
[3.707s] [ext: omni.usd.schema.render_settings.rtx-1.0.2] startup
[3.713s] [ext: omni.usd.schema.usd_particle_field-1.0.0] startup
[3.714s] [ext: omni.kit.clipboard-1.1.1] startup
[3.716s] [ext: omni.kit.menu.core-1.2.0] startup
[3.717s] [ext: omni.kit.usd.layers-2.6.1] startup
[3.731s] [ext: omni.kit.widget.context_menu-1.4.0] startup
[3.733s] [ext: omni.kit.context_menu-1.9.0] startup
[3.736s] [ext: omni.kit.helper.file_utils-0.1.10] startup
[3.737s] [ext: omni.kit.hotkeys.core-1.3.12] startup
[3.742s] [ext: omni.kit.menu.utils-2.2.4] startup
[3.747s] [ext: omni.kit.notification_manager-1.0.11] startup
[3.749s] [ext: omni.kit.stage_template.core-1.1.22] startup
[3.750s] [ext: omni.kit.widget.path_field-2.0.13] startup
[3.751s] [ext: omni.kit.widget.browser_bar-2.0.10] startup
[3.753s] [ext: omni.kit.widget.filebrowser-2.13.4] startup
[3.759s] [ext: omni.kit.widget.options_menu-1.1.6] startup
[3.764s] [ext: omni.kit.widget.filter-1.1.5] startup
[3.765s] [ext: omni.kit.widget.options_button-1.0.3] startup
[3.766s] [ext: omni.kit.widget.prompt-1.0.7] startup
[3.767s] [ext: omni.kit.widget.searchfield-1.1.8] startup
[3.769s] [ext: omni.ui.scene-2.0.3] startup
[3.783s] [ext: omni.kit.window.filepicker-2.15.5] startup
[3.803s] [ext: omni.kit.window.file_exporter-1.0.36] startup
[3.807s] [ext: omni.kit.widget.stage-4.4.0] startup
[3.820s] [ext: omni.kit.window.content_browser_registry-0.0.6] startup
[3.820s] [ext: omni.kit.window.drop_support-1.0.8] startup
[3.821s] [ext: omni.kit.window.file_importer-1.1.21] startup
[3.822s] [ext: omni.kit.window.file-2.0.10] startup
[3.825s] [ext: omni.kit.window.content_browser-3.1.8] startup
[3.835s] [ext: omni.kit.widget.layers-1.9.2] startup
[3.846s] [ext: omni.inspect-1.0.2] startup
[3.850s] [ext: omni.graph.core-3.1.2] startup
[3.864s] [ext: isaacsim.core.deprecation_manager-0.4.2] startup
[3.865s] [ext: isaacsim.core.version-2.1.1] startup
[3.866s] [ext: omni.graph.tools-1.81.0] startup
[3.904s] [ext: omni.graph-1.142.5] startup
[3.952s] [ext: omni.graph.action_core-1.1.9] startup
[3.957s] [ext: omni.graph.action_nodes_core-2.11.0] startup
[3.969s] [ext: omni.graph.action_nodes-2.11.0] startup
[3.993s] [ext: omni.graph.action-2.10.2] startup
[3.995s] [ext: omni.hydra.engine.stats-1.0.5] startup
[3.999s] [ext: omni.hydra.rtx.shadercache.vulkan-1.0.0] startup
[4.000s] [ext: omni.index.libs-387500.4413.0] startup
[4.000s] [ext: omni.index-1.0.1] startup
[4.003s] [ext: omni.ujitso.client-0.0.0] startup
[4.004s] [ext: omni.usd.schema.playback-1.0.0] startup
[4.009s] [ext: omni.volume-0.5.2] startup
[4.037s] [ext: omni.hydra.rtx-1.0.4] startup
2026-09-16T13:45:46Z [3,880ms] [Warning] [omni.log] Source: omni.hydra was already registered.
[4.257s] [ext: omni.kit.hydra_texture-1.6.0] startup
[4.294s] [ext: omni.kit.manipulator.viewport-107.0.1] startup
[4.296s] [ext: omni.kit.material.library-3.1.2] startup
[4.304s] [ext: omni.kit.raycast.query-1.2.0] startup
[4.311s] [ext: omni.kit.viewport.legacy_gizmos-1.0.24] startup
[4.315s] [ext: omni.kit.viewport.registry-104.0.6] startup
[4.316s] [ext: omni.kit.viewport.scene_camera_model-1.0.7] startup
[4.322s] [ext: omni.kit.widget.viewport-109.2.0] startup
[4.329s] [ext: omni.kit.viewport.window-109.0.2] startup
[4.347s] [ext: omni.kit.viewport.utility-2.0.1] startup
[4.348s] [ext: omni.graph.visualization.nodes-2.1.4] startup
[4.363s] [ext: omni.kit.property.adapter.core-1.1.1] startup
[4.366s] [ext: omni.kit.property.adapter.usd-1.0.5] startup
[4.368s] [ext: omni.kit.widget.highlight_label-1.0.3] startup
[4.370s] [ext: omni.kit.window.property-1.15.1] startup
[4.531s] [ext: omni.kit.property.usd-4.9.4] startup
[4.543s] [ext: omni.kit.widget.text_editor-1.1.1] startup
[4.548s] [ext: omni.kit.window.extensions-1.5.10] startup
[4.554s] [ext: omni.physics-110.1.13] startup
[4.563s] [ext: isaacsim.gui.components-1.8.5] startup
[4.569s] [ext: isaacsim.simulation_app-2.18.4] startup
[4.570s] [ext: isaacsim.storage.native-1.9.3] startup
[4.572s] [ext: omni.kit.primitive.mesh-1.1.0] startup
[4.577s] [ext: omni.kit.stage_templates-2.0.2] startup
[4.580s] [ext: omni.anim.curve.core-1.6.0] startup
[4.595s] [ext: omni.convexdecomposition-110.1.13] startup
[4.601s] [ext: omni.graph.image.core-0.6.1] startup
[4.603s] [ext: omni.graph.image.nodes-1.3.1] startup
[4.607s] [ext: omni.graph.nodes_core-2.11.0] startup
[4.657s] [ext: omni.graph.nodes-2.12.0] startup
[4.684s] [ext: omni.graph.scriptnode-2.10.2] startup
[4.693s] [ext: omni.graph.ui_nodes-2.11.1] startup
[4.730s] [ext: omni.hydra.scene_api-0.1.3] startup
[4.736s] [ext: omni.kit.manipulator.camera-110.0.0] startup
[4.740s] [ext: omni.kit.manipulator.selector-1.1.4] startup
[4.742s] [ext: omni.kit.widget.searchable_combobox-1.0.7] startup
[4.744s] [ext: omni.kit.widget.settings-2.0.0] startup
[4.747s] [ext: omni.kit.window.preferences-1.8.3] startup
[4.753s] [ext: omni.kit.manipulator.transform-107.0.0] startup
[4.757s] [ext: omni.kit.widget.toolbar-2.1.0] startup
[4.764s] [ext: omni.kit.manipulator.tool.snap-1.5.14] startup
[4.768s] [ext: omni.kit.viewport.manipulator.transform-107.0.4] startup
[4.770s] [ext: omni.kit.manipulator.prim.core-108.0.2] startup
[4.776s] [ext: omni.kit.manipulator.prim.usd-107.0.3] startup
[4.778s] [ext: omni.kit.manipulator.prim-108.0.0] startup
[4.778s] [ext: omni.kit.manipulator.selection-109.0.1] startup
[4.780s] [ext: omni.kit.menu.create-2.0.2] startup
[4.781s] [ext: omni.kit.widget.stage_icons-1.0.8] startup
[4.783s] [ext: omni.kit.window.stage-2.6.1] startup
[4.786s] [ext: omni.kit.menu.stage-1.2.7] startup
[4.788s] [ext: omni.kit.property.audio-1.0.16] startup
[4.794s] [ext: omni.kit.property.camera-1.0.14] startup
[4.796s] [ext: omni.kit.property.geometry-2.1.2] startup
[4.800s] [ext: omni.kit.property.light-1.0.14] startup
[4.867s] [ext: omni.kit.property.material-1.14.6] startup
[4.877s] [ext: omni.kit.property.render-1.2.2] startup
[4.879s] [ext: omni.kit.property.transform-1.6.9] startup
[4.883s] [ext: omni.kit.property.bundle-1.5.1] startup
[4.885s] [ext: omni.kit.stagerecorder.core-110.0.14] startup
[4.892s] [ext: omni.kit.stagerecorder.ui-110.0.2] startup
[4.895s] [ext: omni.kit.stagerecorder.bundle-110.0.2] startup
[4.895s] [ext: omni.kit.usd.collect-3.0.6] startup
[4.898s] [ext: omni.kit.usdz_export-1.1.0] startup
[4.900s] [ext: omni.kit.tool.asset_importer-6.0.1] startup
[4.906s] [ext: omni.kit.tool.collect-2.2.19] startup
[4.908s] [ext: omni.kit.ui.actions-1.0.5] startup
[4.920s] [ext: omni.kit.viewport.actions-110.0.0] startup
[4.924s] [ext: omni.kit.viewport.menubar.core-107.2.2] startup
[4.937s] [ext: omni.kit.viewport.menubar.camera-107.0.10] startup
[4.941s] [ext: omni.kit.viewport.menubar.display-107.1.3] startup
[4.943s] [ext: omni.kit.viewport.menubar.lighting-107.3.2] startup
[4.946s] [ext: omni.kit.viewport.menubar.render-110.0.0] startup
[4.948s] [ext: omni.kit.viewport.menubar.settings-110.0.1] startup
[4.953s] [ext: omni.kit.window.console-1.1.9] startup
[4.959s] [ext: omni.kit.window.script_editor-2.0.7] startup
[4.961s] [ext: omni.kit.window.status_bar-0.1.11] startup
[4.965s] [ext: omni.kit.window.toolbar-3.0.3] startup
[4.967s] [ext: omni.ocio-0.1.1] startup
[4.969s] [ext: omni.physx.gpu-110.1.13] startup
[4.970s] [ext: omni.physx.foundation-110.1.13] startup
[4.978s] [ext: omni.usdphysics-110.1.13] startup
[4.982s] [ext: omni.physx.cooking-110.1.13] startup
[4.990s] [ext: omni.physx-110.1.13] startup
[5.017s] [ext: omni.physics.physx-110.1.13] startup
[5.021s] [ext: omni.physics.stageupdate-110.1.13] startup
[5.025s] [ext: omni.physics.tensors-110.1.13] startup
[5.035s] [ext: omni.physx.fabric-110.1.13] startup
[5.045s] [ext: omni.physx.tensors-110.1.13] startup
[5.053s] [ext: omni.rtx.window.settings-0.8.0] startup
[5.058s] [ext: omni.rtx.settings.core-0.7.1] startup
[5.063s] [ext: omni.usd.metrics.assembler-110.1.2] startup
[5.068s] [ext: omni.usd.metrics.assembler.ui-110.1.1] startup
[5.075s] [ext: omni.kit.menu.common-2.0.2] staWarning: Possible version incompatibility. Attempting to load omni::fabric::IStageReaderWriter with version v0.16 against v0.14.
rtup
[5.077s] [ext: isaaclab.python-3.0.0] startup
[5.077s] [ext: omni.fabric.commands-2.0.0] startup
[5.082s] [ext: omni.kit.scene_view.xr-1.0.4] startup
[5.090s] [ext: omni.kit.scene_view.xr_utils-1.0.1] startup
[5.101s] [ext: omni.ui_query-1.1.10] startup
[5.102s] [ext: omni.kit.ui_test-1.4.4] startup
[5.105s] [ext: omni.kit.xr.core-109.0.0] startup
2026-09-16T13:45:47Z [4,845ms] [Warning] [omni.usd] HydraEngineManager::findEngineUidImpl - can't find hydra engine for name: 'rtx', index: 4294967295, context ptr: 0x1ad377b0
[5.181s] [ext: omni.kit.xr.system.openxr-109.0.0] startup
[5.192s] [ext: omni.kit.xr.ui.window.viewport-109.0.0] startup
[5.196s] [ext: omni.kit.xr.ui.window.profile-109.0.0] startup
[5.205s] [ext: omni.syntheticdata-0.6.15] startup
[5.251s] [ext: omni.replicator.nv-1.1.1] startup
[5.265s] [ext: omni.videoencoding-0.2.1] startup
[5.271s] [ext: omni.replicator.core-1.13.27] startup
2026-09-16T13:45:47Z [5,025ms] [Warning] [pxr.Semantics] pxr.Semantics is deprecated - please use Semantics instead
2026-09-16T13:45:48Z [5,558ms] [Warning] [omni.replicator.core.scripts.extension] No material configuration file, adding configuration to material settings directly.
[6.212s] [ext: isaaclab.python.xr.openxr-3.0.0] startup
[6.213s] [ext: isaaclab.python.xr.openxr.headless-3.0.0] startup
[6.214s] Simulation App Starting
2026-09-16T13:45:50Z [7,687ms] [Warning] [rtx.hydra] RenderDelegate : Warning /rtx/hydra/readTransformsFromFabricInRenderDelegate and geometry streaming are enabled together but this can cause issues with dynamic objects not streaming correctly due to problems in the transform update.
[8.278s] Simulation App Startup Complete
[8.283s] app ready
[ISAACLAB] AppLauncher initialization complete
[ISAACLAB] Kit version: 110.1.2+production.326809.f9bf0dda.gl
[ISAACLAB] Kit kernel:  210.1.11+release.13746.80f6dc72.gl
[ISAACLAB] Kit hash:    f9bf0dda
[S1] loading checked configuration
[DEMO] profile=dual_cube_to_matching_plates TEST_ONLY / NOT_APPROVED_FOR_PRODUCTION
[INFO]: Loading local copy of remote asset 'https://omniverse-content-production.s3-us-west-2.amazonaws.com/Assets/Isaac/6.1/Isaac/IsaacLab/Environments/Grid/default_ground_plane.usda' from '/tmp/https/omniverse-content-production.s3-us-west-2.amazonaws.com/Assets/Isaac/6.1/Isaac/IsaacLab/Environments/Grid/default_ground_plane.usda'.
[INFO]: Loading local copy of remote asset 'https://omniverse-content-production.s3-us-west-2.amazonaws.com/Assets/Isaac/6.1/Isaac/IsaacLab/Environments/Grid/Materials/Textures/default_ground_plane_emissive_color.png' from '/tmp/https/omniverse-content-production.s3-us-west-2.amazonaws.com/Assets/Isaac/6.1/Isaac/IsaacLab/Environments/Grid/Materials/Textures/default_ground_plane_emissive_color.png'.
[INFO]: Loading local copy of remote asset 'https://omniverse-content-production.s3-us-west-2.amazonaws.com/Assets/Isaac/6.1/Isaac/IsaacLab/Environments/Grid/Materials/Textures/default_ground_plane_albedo.png' from '/tmp/https/omniverse-content-production.s3-us-west-2.amazonaws.com/Assets/Isaac/6.1/Isaac/IsaacLab/Environments/Grid/Materials/Textures/default_ground_plane_albedo.png'.
[INFO]: Loading local copy of remote asset 'https://omniverse-content-production.s3-us-west-2.amazonaws.com/Assets/Isaac/6.1/Isaac/IsaacLab/Environments/Grid/Materials/Textures/default_ground_plane_emissive_mask.png' from '/tmp/https/omniverse-content-production.s3-us-west-2.amazonaws.com/Assets/Isaac/6.1/Isaac/IsaacLab/Environments/Grid/Materials/Textures/default_ground_plane_emissive_mask.png'.
[INFO]: Registered backend 'physx' for factory RigidObject.
[INFO]: Registered backend 'physx' for factory Articulation.
[INFO]: Created new renderer for simulation: IsaacRtxRenderer
[INFO]: Using renderer: IsaacRtxRenderer
[INFO]: Using renderer: IsaacRtxRenderer
[INFO]: Using renderer: IsaacRtxRenderer
[INFO]: Registered backend 'physx' for factory ContactSensor.
[INFO]: Simulation parameters for joints in /World/LeftPiper:
+---------------------------------------------------------------------------------------------------------------------------------------------------------------------+
|                                                      Simulation Joint Information (Prim path: /World/LeftPiper)                                                     |
+-------+----------------+-----------+---------+----------+-----------------+------------------+------------------+-----------------+-----------------+---------------+
| Index | Name           | Stiffness | Damping | Armature | Static Friction | Dynamic Friction | Viscous Friction | Position Limits | Velocity Limits | Effort Limits |
+-------+----------------+-----------+---------+----------+-----------------+------------------+------------------+-----------------+-----------------+---------------+
|   0   | joint1         |  400.000  |  40.000 |  0.000   |      0.000      |      0.000       |      0.000       | [-2.618, 2.618] |      5.000      |    100.000    |
|   1   | joint2         |  400.000  |  40.000 |  0.000   |      0.000      |      0.000       |      0.000       |  [0.000, 3.142] |      5.000      |    100.000    |
|   2   | joint3         |  400.000  |  40.000 |  0.000   |      0.000      |      0.000       |      0.000       | [-2.967, 0.000] |      5.000      |    100.000    |
|   3   | joint4         |  400.000  |  40.000 |  0.000   |      0.000      |      0.000       |      0.000       | [-1.553, 1.553] |      5.000      |    100.000    |
|   4   | joint5         |  400.000  |  40.000 |  0.000   |      0.000      |      0.000       |      0.000       | [-1.553, 1.553] |      5.000      |    100.000    |
|   5   | joint6         |  400.000  |  40.000 |  0.000   |      0.000      |      0.000       |      0.000       | [-2.094, 2.094] |      5.000      |    100.000    |
|   6   | gripper        |  400.000  |  40.000 |  0.000   |      0.000      |      0.000       |      0.000       |  [0.000, 0.100] |      3.000      |     2.000     |
|   7   | gripper_joint1 |   0.000   |  0.000  |  0.000   |      0.000      |      0.000       |      0.000       |  [0.000, 0.050] |      3.000      |     1.000     |
|   8   | gripper_joint2 |   0.000   |  0.000  |  0.000   |      0.000      |      0.000       |      0.000       | [-0.050, 0.000] |      3.000      |     1.000     |
+-------+----------------+-----------+---------+----------+-----------------+------------------+------------------+-----------------+-----------------+---------------+
[INFO]: Simulation parameters for joints in /World/RightPiper:
+---------------------------------------------------------------------------------------------------------------------------------------------------------------------+
|                                                     Simulation Joint Information (Prim path: /World/RightPiper)                                                     |
+-------+----------------+-----------+---------+----------+-----------------+------------------+------------------+-----------------+-----------------+---------------+
| Index | Name           | Stiffness | Damping | Armature | Static Friction | Dynamic Friction | Viscous Friction | Position Limits | Velocity Limits | Effort Limits |
+-------+----------------+-----------+---------+----------+-----------------+------------------+------------------+-----------------+-----------------+---------------+
|   0   | joint1         |  400.000  |  40.000 |  0.000   |      0.000      |      0.000       |      0.000       | [-2.618, 2.618] |      5.000      |    100.000    |
|   1   | joint2         |  400.000  |  40.000 |  0.000   |      0.000      |      0.000       |      0.000       |  [0.000, 3.142] |      5.000      |    100.000    |
|   2   | joint3         |  400.000  |  40.000 |  0.000   |      0.000      |      0.000       |      0.000       | [-2.967, 0.000] |      5.000      |    100.000    |
|   3   | joint4         |  400.000  |  40.000 |  0.000   |      0.000      |      0.000       |      0.000       | [-1.553, 1.553] |      5.000      |    100.000    |
|   4   | joint5         |  400.000  |  40.000 |  0.000   |      0.000      |      0.000       |      0.000       | [-1.553, 1.553] |      5.000      |    100.000    |
|   5   | joint6         |  400.000  |  40.000 |  0.000   |      0.000      |      0.000       |      0.000       | [-2.094, 2.094] |      5.000      |    100.000    |
|   6   | gripper        |  400.000  |  40.000 |  0.000   |      0.000      |      0.000       |      0.000       |  [0.000, 0.100] |      3.000      |     2.000     |
|   7   | gripper_joint1 |   0.000   |  0.000  |  0.000   |      0.000      |      0.000       |      0.000       |  [0.000, 0.050] |      3.000      |     1.000     |
|   8   | gripper_joint2 |   0.000   |  0.000  |  0.000   |      0.000      |      0.000       |      0.000       | [-0.050, 0.000] |      3.000      |     1.000     |
+-------+----------------+-----------+---------+----------+-----------------+------------------+------------------+-----------------+-----------------+---------------+
[INFO]: Registered backend 'physx' for factory FrameView.
[INFO]: [SimulationContext] Auto-injecting KitVisualizer for XR app-update pumping.
/home/ebulochkin/vla_infrastructure/.worktrees/robosyn-vr-demo/tools/run_isaac_s1.py:322: DeprecationWarning: Articulation.set_joint_position_target_index is deprecated. Use articulation.actuators.target_command.set_position_index instead.
  robot.set_joint_position_target_index(target=position, joint_ids=ids)
/home/ebulochkin/vla_infrastructure/.worktrees/robosyn-vr-demo/tools/isaac_robosyn_vr_demo.py:690: UserWarning: PhysX does not return a total contact force. This is a known limitation in PhysX and we are fixing it for the next release. Returning 'net_normal_forces_w'.
  float(np.linalg.norm(_cpu(sensor.data.net_forces_w), axis=-1).max(initial=0.0))
[DEMO] validation={'candidate_home_used': True, 'maximum_home_error_deg_or_mm': 0.0, 'finite_state': True, 'maximum_arm_contact_force_n': {'left': 0.0, 'right': 0.0}, 'collision_free_at_home': True, 'home_tcp_world_m': {'left': [0.5789288878440857, 0.1740923970937729, 1.0264804363250732], 'right': [0.5789286494255066, -0.17409229278564453, 1.0264805555343628]}, 'home_tcp_separation_m': 0.34818468987951945, 'maximum_profile_reset_position_error_m': 0.002000272274017334, 'wrist_shapes': {'left_wrist': [480, 640, 3], 'right_wrist': [480, 640, 3]}, 'scene_camera': {'shape': [480, 640, 3], 'dtype': 'uint8', 'rgb_stddev': 44.84907150268555, 'frame': 30}, 'imported_prim_valid': {}, 'required_prim_valid': {'/World/RobosynDemo/Table': True, '/World/RobosynDemo/Backdrop': True, '/World/LeftPiper': True, '/World/RightPiper': True, '/World/RobosynDemo/SceneCamera': True, '/World/RobosynDemo/LeftCube': True, '/World/RobosynDemo/RightCube': True, '/World/RobosynDemo/LeftPlate': True, '/World/RobosynDemo/RightPlate': True}, 'table_collision_api': True, 'passed': True}
[S2] CloudXR 6.2.1 profile=cloudxrjs kit_xr_bridge=True
[INFO]: XR camera feed 'left_wrist' is using its feed-owned zero-copy CUDA annotator.
[INFO]: XR camera feed 'right_wrist' is using its feed-owned zero-copy CUDA annotator.
{"event": "demo_vr_camera_feed_bound", "feeds": [{"camera": "left_wrist", "panel_layout_pixels": [640.0, 551.111111111111], "panel_resolution_scale": 1.0, "rgb_stddev": 30.33393096923828, "source_alpha_range": [255, 255], "source_device": "cuda", "upload_alpha_range": [255, 255], "upload_device": "cpu"}, {"camera": "right_wrist", "panel_layout_pixels": [640.0, 551.111111111111], "panel_resolution_scale": 1.0, "rgb_stddev": 32.05852127075195, "source_alpha_range": [255, 255], "source_device": "cuda", "upload_alpha_range": [255, 255], "upload_device": "cpu"}], "layout": "head_locked", "upload_path": "cpu_staged"}
[DEMO] wrist camera panels prebound hidden before XR session
[INFO]: Pinned the CloudXR runtime to CUDA device 0
[INFO]: CloudXR runtime auto-launched
[INFO]: XR enabled changed to: True
[INFO]: Enabled /xr/profile/ar/enabled via carb.settings
[INFO]: OpenXR handles not yet available (waiting for XR session); IsaacTeleop session creation deferred
/home/ebulochkin/vla_infrastructure/.worktrees/robosyn-vr-demo/tools/run_isaac_s1.py:335: DeprecationWarning: Articulation.set_joint_position_target_index is deprecated. Use articulation.actuators.target_command.set_position_index instead.
  robot.set_joint_position_target_index(target=target, joint_ids=ids)
[INFO]: Required extensions: ['XR_KHR_convert_timespec_time', 'XR_NVX1_action_context', 'XR_NV_opaque_data_channel']
[INFO]: Required extensions: ['XR_KHR_convert_timespec_time', 'XR_NVX1_action_context', 'XR_NV_opaque_data_channel']
LOG in xrCreateInstance: Instance created
	createInfo->applicationInfo.applicationName: IsaacLab
	createInfo->applicationInfo.applicationVersion: 1
	createInfo->applicationInfo.engineName: Omniverse Kit XR
	createInfo->applicationInfo.engineVersion: 110001
	createInfo->applicationInfo.apiVersion: 1.1.53
	appinfo.detected.engine.name: Omniverse
	appinfo.detected.engine.version: 0.0.0
	quirks.disable_vulkan_format_depth: false
	quirks.disable_vulkan_format_depth_stencil: false
	quirks.disable_quad_views: true
	quirks.no_validation_error_in_create_ref_space: true
	quirks.skip_end_session: false
	quirks.parallel_views: false
	quirks.no_texture_source_alpha: false

/home/ebulochkin/vla_infrastructure/.worktrees/robosyn-vr-demo/tools/run_isaac_s1.py:335: DeprecationWarning: Articulation.set_joint_position_target_index is deprecated. Use articulation.actuators.target_command.set_position_index instead.
  robot.set_joint_position_target_index(target=target, joint_ids=ids)
{"camera_valid": true, "event": "s2_status", "left": "session_inactive", "left_mode": "normal", "right": "session_inactive", "right_mode": "normal", "session_running": false, "step": 30}
/home/ebulochkin/vla_infrastructure/.worktrees/robosyn-vr-demo/tools/run_isaac_s1.py:335: DeprecationWarning: Articulation.set_joint_position_target_index is deprecated. Use articulation.actuators.target_command.set_position_index instead.
  robot.set_joint_position_target_index(target=target, joint_ids=ids)
/home/ebulochkin/vla_infrastructure/.worktrees/robosyn-vr-demo/tools/run_isaac_s1.py:335: DeprecationWarning: Articulation.set_joint_position_target_index is deprecated. Use articulation.actuators.target_command.set_position_index instead.
  robot.set_joint_position_target_index(target=target, joint_ids=ids)
{"camera_valid": true, "event": "s2_status", "left": "session_inactive", "left_mode": "normal", "right": "session_inactive", "right_mode": "normal", "session_running": false, "step": 60}
/home/ebulochkin/vla_infrastructure/.worktrees/robosyn-vr-demo/tools/run_isaac_s1.py:335: DeprecationWarning: Articulation.set_joint_position_target_index is deprecated. Use articulation.actuators.target_command.set_position_index instead.
  robot.set_joint_position_target_index(target=target, joint_ids=ids)
/home/ebulochkin/vla_infrastructure/.worktrees/robosyn-vr-demo/tools/run_isaac_s1.py:335: DeprecationWarning: Articulation.set_joint_position_target_index is deprecated. Use articulation.actuators.target_command.set_position_index instead.
  robot.set_joint_position_target_index(target=target, joint_ids=ids)
{"camera_valid": true, "event": "s2_status", "left": "session_inactive", "left_mode": "normal", "right": "session_inactive", "right_mode": "normal", "session_running": false, "step": 90}
/home/ebulochkin/vla_infrastructure/.worktrees/robosyn-vr-demo/tools/run_isaac_s1.py:335: DeprecationWarning: Articulation.set_joint_position_target_index is deprecated. Use articulation.actuators.target_command.set_position_index instead.
  robot.set_joint_position_target_index(target=target, joint_ids=ids)
/home/ebulochkin/vla_infrastructure/.worktrees/robosyn-vr-demo/tools/run_isaac_s1.py:335: DeprecationWarning: Articulation.set_joint_position_target_index is deprecated. Use articulation.actuators.target_command.set_position_index instead.
  robot.set_joint_position_target_index(target=target, joint_ids=ids)
{"camera_valid": true, "event": "s2_status", "left": "session_inactive", "left_mode": "normal", "right": "session_inactive", "right_mode": "normal", "session_running": false, "step": 120}
/home/ebulochkin/vla_infrastructure/.worktrees/robosyn-vr-demo/tools/run_isaac_s1.py:335: DeprecationWarning: Articulation.set_joint_position_target_index is deprecated. Use articulation.actuators.target_command.set_position_index instead.
  robot.set_joint_position_target_index(target=target, joint_ids=ids)
/home/ebulochkin/vla_infrastructure/.worktrees/robosyn-vr-demo/tools/run_isaac_s1.py:335: DeprecationWarning: Articulation.set_joint_position_target_index is deprecated. Use articulation.actuators.target_command.set_position_index instead.
  robot.set_joint_position_target_index(target=target, joint_ids=ids)
{"camera_valid": true, "event": "s2_status", "left": "session_inactive", "left_mode": "normal", "right": "session_inactive", "right_mode": "normal", "session_running": false, "step": 150}
/home/ebulochkin/vla_infrastructure/.worktrees/robosyn-vr-demo/tools/run_isaac_s1.py:335: DeprecationWarning: Articulation.set_joint_position_target_index is deprecated. Use articulation.actuators.target_command.set_position_index instead.
  robot.set_joint_position_target_index(target=target, joint_ids=ids)
/home/ebulochkin/vla_infrastructure/.worktrees/robosyn-vr-demo/tools/run_isaac_s1.py:335: DeprecationWarning: Articulation.set_joint_position_target_index is deprecated. Use articulation.actuators.target_command.set_position_index instead.
  robot.set_joint_position_target_index(target=target, joint_ids=ids)
{"camera_valid": true, "event": "s2_status", "left": "session_inactive", "left_mode": "normal", "right": "session_inactive", "right_mode": "normal", "session_running": false, "step": 180}
/home/ebulochkin/vla_infrastructure/.worktrees/robosyn-vr-demo/tools/run_isaac_s1.py:335: DeprecationWarning: Articulation.set_joint_position_target_index is deprecated. Use articulation.actuators.target_command.set_position_index instead.
  robot.set_joint_position_target_index(target=target, joint_ids=ids)
/home/ebulochkin/vla_infrastructure/.worktrees/robosyn-vr-demo/tools/run_isaac_s1.py:335: DeprecationWarning: Articulation.set_joint_position_target_index is deprecated. Use articulation.actuators.target_command.set_position_index instead.
  robot.set_joint_position_target_index(target=target, joint_ids=ids)
{"camera_valid": true, "event": "s2_status", "left": "session_inactive", "left_mode": "normal", "right": "session_inactive", "right_mode": "normal", "session_running": false, "step": 210}
/home/ebulochkin/vla_infrastructure/.worktrees/robosyn-vr-demo/tools/run_isaac_s1.py:335: DeprecationWarning: Articulation.set_joint_position_target_index is deprecated. Use articulation.actuators.target_command.set_position_index instead.
  robot.set_joint_position_target_index(target=target, joint_ids=ids)
/home/ebulochkin/vla_infrastructure/.worktrees/robosyn-vr-demo/tools/run_isaac_s1.py:335: DeprecationWarning: Articulation.set_joint_position_target_index is deprecated. Use articulation.actuators.target_command.set_position_index instead.
  robot.set_joint_position_target_index(target=target, joint_ids=ids)
{"camera_valid": true, "event": "s2_status", "left": "session_inactive", "left_mode": "normal", "right": "session_inactive", "right_mode": "normal", "session_running": false, "step": 240}
/home/ebulochkin/vla_infrastructure/.worktrees/robosyn-vr-demo/tools/run_isaac_s1.py:335: DeprecationWarning: Articulation.set_joint_position_target_index is deprecated. Use articulation.actuators.target_command.set_position_index instead.
  robot.set_joint_position_target_index(target=target, joint_ids=ids)
/home/ebulochkin/vla_infrastructure/.worktrees/robosyn-vr-demo/tools/run_isaac_s1.py:335: DeprecationWarning: Articulation.set_joint_position_target_index is deprecated. Use articulation.actuators.target_command.set_position_index instead.
  robot.set_joint_position_target_index(target=target, joint_ids=ids)
{"camera_valid": true, "event": "s2_status", "left": "session_inactive", "left_mode": "normal", "right": "session_inactive", "right_mode": "normal", "session_running": false, "step": 270}
/home/ebulochkin/vla_infrastructure/.worktrees/robosyn-vr-demo/tools/run_isaac_s1.py:335: DeprecationWarning: Articulation.set_joint_position_target_index is deprecated. Use articulation.actuators.target_command.set_position_index instead.
  robot.set_joint_position_target_index(target=target, joint_ids=ids)
/home/ebulochkin/vla_infrastructure/.worktrees/robosyn-vr-demo/tools/run_isaac_s1.py:335: DeprecationWarning: Articulation.set_joint_position_target_index is deprecated. Use articulation.actuators.target_command.set_position_index instead.
  robot.set_joint_position_target_index(target=target, joint_ids=ids)
LOG in xrGetSystem: System has quad views but it is not allowed to expose them.
LOG in xrGetSystem: Selected devices
	Head: 'Head Device'
	Eyes: '<none>'
	Left: 'Quest Touch Plus Left'
	Right: 'Quest Touch Plus Right'
	Gamepad: '<none>'
	Hand-Tracking Left (unobstructed): 'Head Device'
	Hand-Tracking Right (unobstructed): 'Head Device'
	Hand-Tracking Left (conforming): '<none>'
	Hand-Tracking Right (conforming): '<none>'
XR_ERROR_FORM_FACTOR_UNSUPPORTED: xrGetSystem(getInfo->formFactor) no matching system (given: 2, first: 1)
LOG in xrCreateVulkanInstanceKHR: Creation of VkInstance:
	result: VK_SUCCESS
	vulkanInstance: 0x2f16e6c0
	extensions:
		VK_KHR_external_fence_capabilities
		VK_KHR_external_memory_capabilities
		VK_KHR_external_semaphore_capabilities
		VK_KHR_get_physical_device_properties2
		VK_EXT_debug_utils
LOG in xrGetVulkanGraphicsDeviceKHR: Creation of VkDevice:
	result: VK_SUCCESS
	vulkanDevice: 0x78b5ec51f4e0
	vulkanInstance: 0x2f16e6c0
	external_fence_fd: true
	external_semaphore_fd: true
	timelineSemaphore: true
	extensions:
		VK_KHR_dedicated_allocation
		VK_KHR_external_fence
		VK_KHR_external_memory
		VK_KHR_external_semaphore
		VK_KHR_get_memory_requirements2
		VK_KHR_external_memory_fd
		VK_EXT_depth_range_unrestricted
		VK_KHR_external_semaphore_fd
		VK_KHR_external_fence_fd
		VK_KHR_image_format_list
		VK_KHR_timeline_semaphore
{"epoch": 1, "event": "demo_xr_navigation_frame_applied", "monotonic_ns": 1792760239217108, "recenter": false, "world_T_physical": [[2.220446049250313e-16, 0.0, -1.0, -0.05000000074505806], [-1.0, 0.0, -2.220446049250313e-16, 0.0], [0.0, 1.0, 0.0, -0.10000000149011612], [0.0, 0.0, 0.0, 1.0]]}
[INFO]: Acquired OpenXR handles from Kit XR bridge
2026-09-16T13:45:54Z [11,828ms] [Warning] [isaaclab.utils.assets] Serving remote assets from the local cache under '/tmp'. Each copy is checked against the server before use; delete the directory to force a full re-download.
2026-09-16T13:45:56Z [13,839ms] [Warning] [omni.usd] Encountered USD Warnings but USD Diagnostics are currently muted. To view USD Warnings, please set the '/persistent/app/usd/muteUsdDiagnostics' setting to false in Preferences page.
2026-09-16T13:45:57Z [14,349ms] [Warning] [omni.rtx] Requesting texture to use texture streaming, but the service isn't available.  The texture will be created as a regular resource.
[19.446s] [ext: omni.warp.core-1.13.0] startup
[19.460s] [ext: isaacsim.kit.xr.teleop.bridge-1.1.3] startup
2026-09-16T13:46:02Z [20,067ms] [Warning] [isaaclab_teleop.session_lifecycle] Teleop workstation check: 1 requirement(s) below the recommended spec
See https://isaac-sim.github.io/IsaacLab/develop/source/how-to/cloudxr_teleoperation.html

  [  ok] CPU single-thread   1.05 of reference                       (need >= 0.80 of reference)
  [  ok] CPU governor        powersave                               (need performance (or single-thread >= 0.80))
  [  ok] CPU boost clock     5.0 GHz                                 (need >= 4.0 GHz)
  [  ok] CPU physical cores  16                                      (need >= 8)
  [  ok] GPU memory          25 GB (cuda:0 NVIDIA GeForce RTX 4090)  (need >= 24 GB)
  [  ok] GPU architecture    compute 8.9                             (need >= compute 8.9)
  [  ok] NVIDIA driver       580.159.03                              (need >= 580)
  [WARN] System memory       31 GiB                                  (need >= 60 GiB)
  [  ok] CPU architecture    x86_64                                  (need x86_64 or AMD64)
2026-09-16T13:46:09Z [26,624ms] [Warning] [omni.rtx] DLSS increasing input dimensions: Render resolution of (320, 240) is below minimal input resolution of 300.
DeviceIOSession: Creating session with 2 trackers
ControllerTracker initialized (left + right) with action context
[INFO]: IsaacTeleop session started: IsaacLabTeleop
{"environment_reset": false, "event": "demo_xr_navigation_retargeters_rebased", "monotonic_ns": 1792760241190081, "session_running": true, "step": 293}
{"camera_valid": true, "event": "s2_status", "left": "session_inactive", "left_mode": "normal", "right": "session_inactive", "right_mode": "normal", "session_running": true, "step": 300}
/home/ebulochkin/vla_infrastructure/.worktrees/robosyn-vr-demo/tools/run_isaac_s1.py:335: DeprecationWarning: Articulation.set_joint_position_target_index is deprecated. Use articulation.actuators.target_command.set_position_index instead.
  robot.set_joint_position_target_index(target=target, joint_ids=ids)
/home/ebulochkin/vla_infrastructure/.worktrees/robosyn-vr-demo/tools/run_isaac_s1.py:335: DeprecationWarning: Articulation.set_joint_position_target_index is deprecated. Use articulation.actuators.target_command.set_position_index instead.
  robot.set_joint_position_target_index(target=target, joint_ids=ids)
{"backdrop_visible": false, "control": "right_secondary_click", "event": "demo_backdrop_visibility_changed", "event_origin": "controller_pipeline", "quest_button": "B", "visual_only": true}
{"camera_valid": true, "event": "s2_status", "left": "session_inactive", "left_mode": "normal", "right": "session_inactive", "right_mode": "normal", "session_running": true, "step": 330}
/home/ebulochkin/vla_infrastructure/.worktrees/robosyn-vr-demo/tools/run_isaac_s1.py:335: DeprecationWarning: Articulation.set_joint_position_target_index is deprecated. Use articulation.actuators.target_command.set_position_index instead.
  robot.set_joint_position_target_index(target=target, joint_ids=ids)
/home/ebulochkin/vla_infrastructure/.worktrees/robosyn-vr-demo/tools/run_isaac_s1.py:335: DeprecationWarning: Articulation.set_joint_position_target_index is deprecated. Use articulation.actuators.target_command.set_position_index instead.
  robot.set_joint_position_target_index(target=target, joint_ids=ids)
{"camera_valid": true, "event": "s2_status", "left": "session_inactive", "left_mode": "normal", "right": "session_inactive", "right_mode": "normal", "session_running": true, "step": 360}
/home/ebulochkin/vla_infrastructure/.worktrees/robosyn-vr-demo/tools/run_isaac_s1.py:335: DeprecationWarning: Articulation.set_joint_position_target_index is deprecated. Use articulation.actuators.target_command.set_position_index instead.
  robot.set_joint_position_target_index(target=target, joint_ids=ids)
/home/ebulochkin/vla_infrastructure/.worktrees/robosyn-vr-demo/tools/run_isaac_s1.py:335: DeprecationWarning: Articulation.set_joint_position_target_index is deprecated. Use articulation.actuators.target_command.set_position_index instead.
  robot.set_joint_position_target_index(target=target, joint_ids=ids)
{"camera_valid": true, "event": "s2_status", "left": "session_inactive", "left_mode": "normal", "right": "session_inactive", "right_mode": "normal", "session_running": true, "step": 390}
/home/ebulochkin/vla_infrastructure/.worktrees/robosyn-vr-demo/tools/run_isaac_s1.py:335: DeprecationWarning: Articulation.set_joint_position_target_index is deprecated. Use articulation.actuators.target_command.set_position_index instead.
  robot.set_joint_position_target_index(target=target, joint_ids=ids)
/home/ebulochkin/vla_infrastructure/.worktrees/robosyn-vr-demo/tools/run_isaac_s1.py:335: DeprecationWarning: Articulation.set_joint_position_target_index is deprecated. Use articulation.actuators.target_command.set_position_index instead.
  robot.set_joint_position_target_index(target=target, joint_ids=ids)
{"camera_valid": true, "event": "s2_status", "left": "session_inactive", "left_mode": "normal", "right": "session_inactive", "right_mode": "normal", "session_running": true, "step": 420}
/home/ebulochkin/vla_infrastructure/.worktrees/robosyn-vr-demo/tools/run_isaac_s1.py:335: DeprecationWarning: Articulation.set_joint_position_target_index is deprecated. Use articulation.actuators.target_command.set_position_index instead.
  robot.set_joint_position_target_index(target=target, joint_ids=ids)
[DEMO] wrist camera display ON
{"capture_continues": true, "control": "left_primary_click", "display_visible": true, "event": "demo_vr_camera_feed_visibility_changed", "event_origin": "controller_pipeline", "feed_bound": true, "quest_button": "X"}
/home/ebulochkin/vla_infrastructure/.worktrees/robosyn-vr-demo/tools/run_isaac_s1.py:335: DeprecationWarning: Articulation.set_joint_position_target_index is deprecated. Use articulation.actuators.target_command.set_position_index instead.
  robot.set_joint_position_target_index(target=target, joint_ids=ids)
{"camera_valid": true, "event": "s2_status", "left": "session_inactive", "left_mode": "normal", "right": "session_inactive", "right_mode": "normal", "session_running": true, "step": 450}
/home/ebulochkin/vla_infrastructure/.worktrees/robosyn-vr-demo/tools/run_isaac_s1.py:335: DeprecationWarning: Articulation.set_joint_position_target_index is deprecated. Use articulation.actuators.target_command.set_position_index instead.
  robot.set_joint_position_target_index(target=target, joint_ids=ids)
/home/ebulochkin/vla_infrastructure/.worktrees/robosyn-vr-demo/tools/run_isaac_s1.py:335: DeprecationWarning: Articulation.set_joint_position_target_index is deprecated. Use articulation.actuators.target_command.set_position_index instead.
  robot.set_joint_position_target_index(target=target, joint_ids=ids)
{"camera_valid": true, "event": "s2_status", "left": "session_inactive", "left_mode": "normal", "right": "session_inactive", "right_mode": "normal", "session_running": true, "step": 480}
/home/ebulochkin/vla_infrastructure/.worktrees/robosyn-vr-demo/tools/run_isaac_s1.py:335: DeprecationWarning: Articulation.set_joint_position_target_index is deprecated. Use articulation.actuators.target_command.set_position_index instead.
  robot.set_joint_position_target_index(target=target, joint_ids=ids)
/home/ebulochkin/vla_infrastructure/.worktrees/robosyn-vr-demo/tools/run_isaac_s1.py:335: DeprecationWarning: Articulation.set_joint_position_target_index is deprecated. Use articulation.actuators.target_command.set_position_index instead.
  robot.set_joint_position_target_index(target=target, joint_ids=ids)
{"camera_valid": true, "event": "s2_status", "left": "session_inactive", "left_mode": "normal", "right": "session_inactive", "right_mode": "normal", "session_running": true, "step": 510}
/home/ebulochkin/vla_infrastructure/.worktrees/robosyn-vr-demo/tools/run_isaac_s1.py:335: DeprecationWarning: Articulation.set_joint_position_target_index is deprecated. Use articulation.actuators.target_command.set_position_index instead.
  robot.set_joint_position_target_index(target=target, joint_ids=ids)
/home/ebulochkin/vla_infrastructure/.worktrees/robosyn-vr-demo/tools/run_isaac_s1.py:335: DeprecationWarning: Articulation.set_joint_position_target_index is deprecated. Use articulation.actuators.target_command.set_position_index instead.
  robot.set_joint_position_target_index(target=target, joint_ids=ids)
{"camera_valid": true, "event": "s2_status", "left": "session_inactive", "left_mode": "normal", "right": "session_inactive", "right_mode": "normal", "session_running": true, "step": 540}
/home/ebulochkin/vla_infrastructure/.worktrees/robosyn-vr-demo/tools/run_isaac_s1.py:335: DeprecationWarning: Articulation.set_joint_position_target_index is deprecated. Use articulation.actuators.target_command.set_position_index instead.
  robot.set_joint_position_target_index(target=target, joint_ids=ids)
/home/ebulochkin/vla_infrastructure/.worktrees/robosyn-vr-demo/tools/run_isaac_s1.py:335: DeprecationWarning: Articulation.set_joint_position_target_index is deprecated. Use articulation.actuators.target_command.set_position_index instead.
  robot.set_joint_position_target_index(target=target, joint_ids=ids)
{"camera_valid": true, "event": "s2_status", "left": "session_inactive", "left_mode": "normal", "right": "session_inactive", "right_mode": "normal", "session_running": true, "step": 570}
/home/ebulochkin/vla_infrastructure/.worktrees/robosyn-vr-demo/tools/run_isaac_s1.py:335: DeprecationWarning: Articulation.set_joint_position_target_index is deprecated. Use articulation.actuators.target_command.set_position_index instead.
  robot.set_joint_position_target_index(target=target, joint_ids=ids)
/home/ebulochkin/vla_infrastructure/.worktrees/robosyn-vr-demo/tools/run_isaac_s1.py:335: DeprecationWarning: Articulation.set_joint_position_target_index is deprecated. Use articulation.actuators.target_command.set_position_index instead.
  robot.set_joint_position_target_index(target=target, joint_ids=ids)
{"camera_valid": true, "event": "s2_status", "left": "session_inactive", "left_mode": "normal", "right": "session_inactive", "right_mode": "normal", "session_running": true, "step": 600}
/home/ebulochkin/vla_infrastructure/.worktrees/robosyn-vr-demo/tools/run_isaac_s1.py:335: DeprecationWarning: Articulation.set_joint_position_target_index is deprecated. Use articulation.actuators.target_command.set_position_index instead.
  robot.set_joint_position_target_index(target=target, joint_ids=ids)
[DEMO] wrist camera display OFF
{"capture_continues": true, "control": "left_primary_click", "display_visible": false, "event": "demo_vr_camera_feed_visibility_changed", "event_origin": "controller_pipeline", "feed_bound": true, "quest_button": "X"}
/home/ebulochkin/vla_infrastructure/.worktrees/robosyn-vr-demo/tools/run_isaac_s1.py:335: DeprecationWarning: Articulation.set_joint_position_target_index is deprecated. Use articulation.actuators.target_command.set_position_index instead.
  robot.set_joint_position_target_index(target=target, joint_ids=ids)
{"camera_valid": true, "event": "s2_status", "left": "session_inactive", "left_mode": "normal", "right": "session_inactive", "right_mode": "normal", "session_running": true, "step": 630}
/home/ebulochkin/vla_infrastructure/.worktrees/robosyn-vr-demo/tools/run_isaac_s1.py:335: DeprecationWarning: Articulation.set_joint_position_target_index is deprecated. Use articulation.actuators.target_command.set_position_index instead.
  robot.set_joint_position_target_index(target=target, joint_ids=ids)
[DEMO] wrist camera display ON
{"capture_continues": true, "control": "left_primary_click", "display_visible": true, "event": "demo_vr_camera_feed_visibility_changed", "event_origin": "controller_pipeline", "feed_bound": true, "quest_button": "X"}
/home/ebulochkin/vla_infrastructure/.worktrees/robosyn-vr-demo/tools/run_isaac_s1.py:335: DeprecationWarning: Articulation.set_joint_position_target_index is deprecated. Use articulation.actuators.target_command.set_position_index instead.
  robot.set_joint_position_target_index(target=target, joint_ids=ids)
{"camera_valid": true, "event": "s2_status", "left": "motion", "left_mode": "normal", "right": "motion", "right_mode": "normal", "session_running": true, "step": 660}
/home/ebulochkin/vla_infrastructure/.worktrees/robosyn-vr-demo/tools/run_isaac_s1.py:335: DeprecationWarning: Articulation.set_joint_position_target_index is deprecated. Use articulation.actuators.target_command.set_position_index instead.
  robot.set_joint_position_target_index(target=target, joint_ids=ids)
/home/ebulochkin/vla_infrastructure/.worktrees/robosyn-vr-demo/tools/run_isaac_s1.py:335: DeprecationWarning: Articulation.set_joint_position_target_index is deprecated. Use articulation.actuators.target_command.set_position_index instead.
  robot.set_joint_position_target_index(target=target, joint_ids=ids)
{"camera_valid": true, "event": "s2_status", "left": "motion", "left_mode": "normal", "right": "motion", "right_mode": "normal", "session_running": true, "step": 690}
/home/ebulochkin/vla_infrastructure/.worktrees/robosyn-vr-demo/tools/run_isaac_s1.py:335: DeprecationWarning: Articulation.set_joint_position_target_index is deprecated. Use articulation.actuators.target_command.set_position_index instead.
  robot.set_joint_position_target_index(target=target, joint_ids=ids)
/home/ebulochkin/vla_infrastructure/.worktrees/robosyn-vr-demo/tools/run_isaac_s1.py:335: DeprecationWarning: Articulation.set_joint_position_target_index is deprecated. Use articulation.actuators.target_command.set_position_index instead.
  robot.set_joint_position_target_index(target=target, joint_ids=ids)
{"camera_valid": true, "event": "s2_status", "left": "motion", "left_mode": "normal", "right": "motion", "right_mode": "normal", "session_running": true, "step": 720}
/home/ebulochkin/vla_infrastructure/.worktrees/robosyn-vr-demo/tools/run_isaac_s1.py:335: DeprecationWarning: Articulation.set_joint_position_target_index is deprecated. Use articulation.actuators.target_command.set_position_index instead.
  robot.set_joint_position_target_index(target=target, joint_ids=ids)
/home/ebulochkin/vla_infrastructure/.worktrees/robosyn-vr-demo/tools/run_isaac_s1.py:335: DeprecationWarning: Articulation.set_joint_position_target_index is deprecated. Use articulation.actuators.target_command.set_position_index instead.
  robot.set_joint_position_target_index(target=target, joint_ids=ids)
{"camera_valid": true, "event": "s2_status", "left": "motion", "left_mode": "normal", "right": "motion", "right_mode": "normal", "session_running": true, "step": 750}
/home/ebulochkin/vla_infrastructure/.worktrees/robosyn-vr-demo/tools/run_isaac_s1.py:335: DeprecationWarning: Articulation.set_joint_position_target_index is deprecated. Use articulation.actuators.target_command.set_position_index instead.
  robot.set_joint_position_target_index(target=target, joint_ids=ids)
/home/ebulochkin/vla_infrastructure/.worktrees/robosyn-vr-demo/tools/run_isaac_s1.py:335: DeprecationWarning: Articulation.set_joint_position_target_index is deprecated. Use articulation.actuators.target_command.set_position_index instead.
  robot.set_joint_position_target_index(target=target, joint_ids=ids)
{"camera_valid": true, "event": "s2_status", "left": "motion", "left_mode": "normal", "right": "motion", "right_mode": "normal", "session_running": true, "step": 780}
/home/ebulochkin/vla_infrastructure/.worktrees/robosyn-vr-demo/tools/run_isaac_s1.py:335: DeprecationWarning: Articulation.set_joint_position_target_index is deprecated. Use articulation.actuators.target_command.set_position_index instead.
  robot.set_joint_position_target_index(target=target, joint_ids=ids)
/home/ebulochkin/vla_infrastructure/.worktrees/robosyn-vr-demo/tools/run_isaac_s1.py:335: DeprecationWarning: Articulation.set_joint_position_target_index is deprecated. Use articulation.actuators.target_command.set_position_index instead.
  robot.set_joint_position_target_index(target=target, joint_ids=ids)
{"camera_valid": true, "event": "s2_status", "left": "motion", "left_mode": "normal", "right": "motion", "right_mode": "normal", "session_running": true, "step": 810}
/home/ebulochkin/vla_infrastructure/.worktrees/robosyn-vr-demo/tools/run_isaac_s1.py:335: DeprecationWarning: Articulation.set_joint_position_target_index is deprecated. Use articulation.actuators.target_command.set_position_index instead.
  robot.set_joint_position_target_index(target=target, joint_ids=ids)
/home/ebulochkin/vla_infrastructure/.worktrees/robosyn-vr-demo/tools/run_isaac_s1.py:335: DeprecationWarning: Articulation.set_joint_position_target_index is deprecated. Use articulation.actuators.target_command.set_position_index instead.
  robot.set_joint_position_target_index(target=target, joint_ids=ids)
{"camera_valid": true, "event": "s2_status", "left": "motion", "left_mode": "normal", "right": "motion", "right_mode": "normal", "session_running": true, "step": 840}
/home/ebulochkin/vla_infrastructure/.worktrees/robosyn-vr-demo/tools/run_isaac_s1.py:335: DeprecationWarning: Articulation.set_joint_position_target_index is deprecated. Use articulation.actuators.target_command.set_position_index instead.
  robot.set_joint_position_target_index(target=target, joint_ids=ids)
/home/ebulochkin/vla_infrastructure/.worktrees/robosyn-vr-demo/tools/run_isaac_s1.py:335: DeprecationWarning: Articulation.set_joint_position_target_index is deprecated. Use articulation.actuators.target_command.set_position_index instead.
  robot.set_joint_position_target_index(target=target, joint_ids=ids)
{"camera_valid": true, "event": "s2_status", "left": "motion", "left_mode": "normal", "right": "motion", "right_mode": "normal", "session_running": true, "step": 870}
/home/ebulochkin/vla_infrastructure/.worktrees/robosyn-vr-demo/tools/run_isaac_s1.py:335: DeprecationWarning: Articulation.set_joint_position_target_index is deprecated. Use articulation.actuators.target_command.set_position_index instead.
  robot.set_joint_position_target_index(target=target, joint_ids=ids)
/home/ebulochkin/vla_infrastructure/.worktrees/robosyn-vr-demo/tools/run_isaac_s1.py:335: DeprecationWarning: Articulation.set_joint_position_target_index is deprecated. Use articulation.actuators.target_command.set_position_index instead.
  robot.set_joint_position_target_index(target=target, joint_ids=ids)
{"camera_valid": true, "event": "s2_status", "left": "motion", "left_mode": "normal", "right": "motion", "right_mode": "normal", "session_running": true, "step": 900}
/home/ebulochkin/vla_infrastructure/.worktrees/robosyn-vr-demo/tools/run_isaac_s1.py:335: DeprecationWarning: Articulation.set_joint_position_target_index is deprecated. Use articulation.actuators.target_command.set_position_index instead.
  robot.set_joint_position_target_index(target=target, joint_ids=ids)
/home/ebulochkin/vla_infrastructure/.worktrees/robosyn-vr-demo/tools/run_isaac_s1.py:335: DeprecationWarning: Articulation.set_joint_position_target_index is deprecated. Use articulation.actuators.target_command.set_position_index instead.
  robot.set_joint_position_target_index(target=target, joint_ids=ids)
{"camera_valid": true, "event": "s2_status", "left": "motion", "left_mode": "normal", "right": "motion", "right_mode": "normal", "session_running": true, "step": 930}
/home/ebulochkin/vla_infrastructure/.worktrees/robosyn-vr-demo/tools/run_isaac_s1.py:335: DeprecationWarning: Articulation.set_joint_position_target_index is deprecated. Use articulation.actuators.target_command.set_position_index instead.
  robot.set_joint_position_target_index(target=target, joint_ids=ids)
/home/ebulochkin/vla_infrastructure/.worktrees/robosyn-vr-demo/tools/run_isaac_s1.py:335: DeprecationWarning: Articulation.set_joint_position_target_index is deprecated. Use articulation.actuators.target_command.set_position_index instead.
  robot.set_joint_position_target_index(target=target, joint_ids=ids)
{"camera_valid": true, "event": "s2_status", "left": "motion", "left_mode": "normal", "right": "motion", "right_mode": "normal", "session_running": true, "step": 960}
/home/ebulochkin/vla_infrastructure/.worktrees/robosyn-vr-demo/tools/run_isaac_s1.py:335: DeprecationWarning: Articulation.set_joint_position_target_index is deprecated. Use articulation.actuators.target_command.set_position_index instead.
  robot.set_joint_position_target_index(target=target, joint_ids=ids)
/home/ebulochkin/vla_infrastructure/.worktrees/robosyn-vr-demo/tools/run_isaac_s1.py:335: DeprecationWarning: Articulation.set_joint_position_target_index is deprecated. Use articulation.actuators.target_command.set_position_index instead.
  robot.set_joint_position_target_index(target=target, joint_ids=ids)
{"camera_valid": true, "event": "s2_status", "left": "motion", "left_mode": "normal", "right": "motion", "right_mode": "normal", "session_running": true, "step": 990}
/home/ebulochkin/vla_infrastructure/.worktrees/robosyn-vr-demo/tools/run_isaac_s1.py:335: DeprecationWarning: Articulation.set_joint_position_target_index is deprecated. Use articulation.actuators.target_command.set_position_index instead.
  robot.set_joint_position_target_index(target=target, joint_ids=ids)
/home/ebulochkin/vla_infrastructure/.worktrees/robosyn-vr-demo/tools/run_isaac_s1.py:335: DeprecationWarning: Articulation.set_joint_position_target_index is deprecated. Use articulation.actuators.target_command.set_position_index instead.
  robot.set_joint_position_target_index(target=target, joint_ids=ids)
{"camera_valid": true, "event": "s2_status", "left": "motion", "left_mode": "normal", "right": "motion", "right_mode": "normal", "session_running": true, "step": 1020}
/home/ebulochkin/vla_infrastructure/.worktrees/robosyn-vr-demo/tools/run_isaac_s1.py:335: DeprecationWarning: Articulation.set_joint_position_target_index is deprecated. Use articulation.actuators.target_command.set_position_index instead.
  robot.set_joint_position_target_index(target=target, joint_ids=ids)
/home/ebulochkin/vla_infrastructure/.worktrees/robosyn-vr-demo/tools/run_isaac_s1.py:335: DeprecationWarning: Articulation.set_joint_position_target_index is deprecated. Use articulation.actuators.target_command.set_position_index instead.
  robot.set_joint_position_target_index(target=target, joint_ids=ids)
{"camera_valid": true, "event": "s2_status", "left": "motion", "left_mode": "normal", "right": "motion", "right_mode": "normal", "session_running": true, "step": 1050}
/home/ebulochkin/vla_infrastructure/.worktrees/robosyn-vr-demo/tools/run_isaac_s1.py:335: DeprecationWarning: Articulation.set_joint_position_target_index is deprecated. Use articulation.actuators.target_command.set_position_index instead.
  robot.set_joint_position_target_index(target=target, joint_ids=ids)
/home/ebulochkin/vla_infrastructure/.worktrees/robosyn-vr-demo/tools/run_isaac_s1.py:335: DeprecationWarning: Articulation.set_joint_position_target_index is deprecated. Use articulation.actuators.target_command.set_position_index instead.
  robot.set_joint_position_target_index(target=target, joint_ids=ids)
{"camera_valid": true, "event": "s2_status", "left": "motion", "left_mode": "normal", "right": "motion", "right_mode": "normal", "session_running": true, "step": 1080}
/home/ebulochkin/vla_infrastructure/.worktrees/robosyn-vr-demo/tools/run_isaac_s1.py:335: DeprecationWarning: Articulation.set_joint_position_target_index is deprecated. Use articulation.actuators.target_command.set_position_index instead.
  robot.set_joint_position_target_index(target=target, joint_ids=ids)
/home/ebulochkin/vla_infrastructure/.worktrees/robosyn-vr-demo/tools/run_isaac_s1.py:335: DeprecationWarning: Articulation.set_joint_position_target_index is deprecated. Use articulation.actuators.target_command.set_position_index instead.
  robot.set_joint_position_target_index(target=target, joint_ids=ids)
{"camera_valid": true, "event": "s2_status", "left": "motion", "left_mode": "normal", "right": "motion", "right_mode": "normal", "session_running": true, "step": 1110}
/home/ebulochkin/vla_infrastructure/.worktrees/robosyn-vr-demo/tools/run_isaac_s1.py:335: DeprecationWarning: Articulation.set_joint_position_target_index is deprecated. Use articulation.actuators.target_command.set_position_index instead.
  robot.set_joint_position_target_index(target=target, joint_ids=ids)
/home/ebulochkin/vla_infrastructure/.worktrees/robosyn-vr-demo/tools/run_isaac_s1.py:335: DeprecationWarning: Articulation.set_joint_position_target_index is deprecated. Use articulation.actuators.target_command.set_position_index instead.
  robot.set_joint_position_target_index(target=target, joint_ids=ids)
{"camera_valid": true, "event": "s2_status", "left": "motion", "left_mode": "normal", "right": "motion", "right_mode": "normal", "session_running": true, "step": 1140}
/home/ebulochkin/vla_infrastructure/.worktrees/robosyn-vr-demo/tools/run_isaac_s1.py:335: DeprecationWarning: Articulation.set_joint_position_target_index is deprecated. Use articulation.actuators.target_command.set_position_index instead.
  robot.set_joint_position_target_index(target=target, joint_ids=ids)
/home/ebulochkin/vla_infrastructure/.worktrees/robosyn-vr-demo/tools/run_isaac_s1.py:335: DeprecationWarning: Articulation.set_joint_position_target_index is deprecated. Use articulation.actuators.target_command.set_position_index instead.
  robot.set_joint_position_target_index(target=target, joint_ids=ids)
{"camera_valid": true, "event": "s2_status", "left": "motion", "left_mode": "normal", "right": "motion", "right_mode": "normal", "session_running": true, "step": 1170}
/home/ebulochkin/vla_infrastructure/.worktrees/robosyn-vr-demo/tools/run_isaac_s1.py:335: DeprecationWarning: Articulation.set_joint_position_target_index is deprecated. Use articulation.actuators.target_command.set_position_index instead.
  robot.set_joint_position_target_index(target=target, joint_ids=ids)
/home/ebulochkin/vla_infrastructure/.worktrees/robosyn-vr-demo/tools/run_isaac_s1.py:335: DeprecationWarning: Articulation.set_joint_position_target_index is deprecated. Use articulation.actuators.target_command.set_position_index instead.
  robot.set_joint_position_target_index(target=target, joint_ids=ids)
{"camera_valid": true, "event": "s2_status", "left": "motion", "left_mode": "normal", "right": "motion", "right_mode": "normal", "session_running": true, "step": 1200}
/home/ebulochkin/vla_infrastructure/.worktrees/robosyn-vr-demo/tools/run_isaac_s1.py:335: DeprecationWarning: Articulation.set_joint_position_target_index is deprecated. Use articulation.actuators.target_command.set_position_index instead.
  robot.set_joint_position_target_index(target=target, joint_ids=ids)
/home/ebulochkin/vla_infrastructure/.worktrees/robosyn-vr-demo/tools/run_isaac_s1.py:335: DeprecationWarning: Articulation.set_joint_position_target_index is deprecated. Use articulation.actuators.target_command.set_position_index instead.
  robot.set_joint_position_target_index(target=target, joint_ids=ids)
{"camera_valid": true, "event": "s2_status", "left": "motion", "left_mode": "normal", "right": "motion", "right_mode": "normal", "session_running": true, "step": 1230}
/home/ebulochkin/vla_infrastructure/.worktrees/robosyn-vr-demo/tools/run_isaac_s1.py:335: DeprecationWarning: Articulation.set_joint_position_target_index is deprecated. Use articulation.actuators.target_command.set_position_index instead.
  robot.set_joint_position_target_index(target=target, joint_ids=ids)
/home/ebulochkin/vla_infrastructure/.worktrees/robosyn-vr-demo/tools/run_isaac_s1.py:335: DeprecationWarning: Articulation.set_joint_position_target_index is deprecated. Use articulation.actuators.target_command.set_position_index instead.
  robot.set_joint_position_target_index(target=target, joint_ids=ids)
{"camera_valid": true, "event": "s2_status", "left": "tracking_invalid", "left_mode": "normal", "right": "tracking_invalid", "right_mode": "normal", "session_running": true, "step": 1260}
/home/ebulochkin/vla_infrastructure/.worktrees/robosyn-vr-demo/tools/run_isaac_s1.py:335: DeprecationWarning: Articulation.set_joint_position_target_index is deprecated. Use articulation.actuators.target_command.set_position_index instead.
  robot.set_joint_position_target_index(target=target, joint_ids=ids)
/home/ebulochkin/vla_infrastructure/.worktrees/robosyn-vr-demo/tools/run_isaac_s1.py:335: DeprecationWarning: Articulation.set_joint_position_target_index is deprecated. Use articulation.actuators.target_command.set_position_index instead.
  robot.set_joint_position_target_index(target=target, joint_ids=ids)
{"camera_valid": true, "event": "s2_status", "left": "tracking_invalid", "left_mode": "normal", "right": "tracking_invalid", "right_mode": "normal", "session_running": true, "step": 1290}
/home/ebulochkin/vla_infrastructure/.worktrees/robosyn-vr-demo/tools/run_isaac_s1.py:335: DeprecationWarning: Articulation.set_joint_position_target_index is deprecated. Use articulation.actuators.target_command.set_position_index instead.
  robot.set_joint_position_target_index(target=target, joint_ids=ids)
/home/ebulochkin/vla_infrastructure/.worktrees/robosyn-vr-demo/tools/run_isaac_s1.py:335: DeprecationWarning: Articulation.set_joint_position_target_index is deprecated. Use articulation.actuators.target_command.set_position_index instead.
  robot.set_joint_position_target_index(target=target, joint_ids=ids)
{"camera_valid": true, "event": "s2_status", "left": "tracking_invalid", "left_mode": "normal", "right": "tracking_invalid", "right_mode": "normal", "session_running": true, "step": 1320}
/home/ebulochkin/vla_infrastructure/.worktrees/robosyn-vr-demo/tools/run_isaac_s1.py:335: DeprecationWarning: Articulation.set_joint_position_target_index is deprecated. Use articulation.actuators.target_command.set_position_index instead.
  robot.set_joint_position_target_index(target=target, joint_ids=ids)
/home/ebulochkin/vla_infrastructure/.worktrees/robosyn-vr-demo/tools/run_isaac_s1.py:335: DeprecationWarning: Articulation.set_joint_position_target_index is deprecated. Use articulation.actuators.target_command.set_position_index instead.
  robot.set_joint_position_target_index(target=target, joint_ids=ids)
{"camera_valid": true, "event": "s2_status", "left": "tracking_invalid", "left_mode": "normal", "right": "tracking_invalid", "right_mode": "normal", "session_running": true, "step": 1350}
/home/ebulochkin/vla_infrastructure/.worktrees/robosyn-vr-demo/tools/run_isaac_s1.py:335: DeprecationWarning: Articulation.set_joint_position_target_index is deprecated. Use articulation.actuators.target_command.set_position_index instead.
  robot.set_joint_position_target_index(target=target, joint_ids=ids)
/home/ebulochkin/vla_infrastructure/.worktrees/robosyn-vr-demo/tools/run_isaac_s1.py:335: DeprecationWarning: Articulation.set_joint_position_target_index is deprecated. Use articulation.actuators.target_command.set_position_index instead.
  robot.set_joint_position_target_index(target=target, joint_ids=ids)
{"camera_valid": true, "event": "s2_status", "left": "tracking_rebased", "left_mode": "normal", "right": "tracking_rebased", "right_mode": "normal", "session_running": true, "step": 1380}
/home/ebulochkin/vla_infrastructure/.worktrees/robosyn-vr-demo/tools/run_isaac_s1.py:335: DeprecationWarning: Articulation.set_joint_position_target_index is deprecated. Use articulation.actuators.target_command.set_position_index instead.
  robot.set_joint_position_target_index(target=target, joint_ids=ids)
/home/ebulochkin/vla_infrastructure/.worktrees/robosyn-vr-demo/tools/run_isaac_s1.py:335: DeprecationWarning: Articulation.set_joint_position_target_index is deprecated. Use articulation.actuators.target_command.set_position_index instead.
  robot.set_joint_position_target_index(target=target, joint_ids=ids)
{"camera_valid": true, "event": "s2_status", "left": "motion", "left_mode": "normal", "right": "motion", "right_mode": "normal", "session_running": true, "step": 1410}
/home/ebulochkin/vla_infrastructure/.worktrees/robosyn-vr-demo/tools/run_isaac_s1.py:335: DeprecationWarning: Articulation.set_joint_position_target_index is deprecated. Use articulation.actuators.target_command.set_position_index instead.
  robot.set_joint_position_target_index(target=target, joint_ids=ids)
/home/ebulochkin/vla_infrastructure/.worktrees/robosyn-vr-demo/tools/run_isaac_s1.py:335: DeprecationWarning: Articulation.set_joint_position_target_index is deprecated. Use articulation.actuators.target_command.set_position_index instead.
  robot.set_joint_position_target_index(target=target, joint_ids=ids)
/home/ebulochkin/vla_infrastructure/.worktrees/robosyn-vr-demo/tools/run_isaac_s1.py:322: DeprecationWarning: Articulation.set_joint_position_target_index is deprecated. Use articulation.actuators.target_command.set_position_index instead.
  robot.set_joint_position_target_index(target=position, joint_ids=ids)
{"camera_valid": true, "event": "s2_status", "left": "session_inactive", "left_mode": "normal", "right": "session_inactive", "right_mode": "normal", "session_running": true, "step": 1440}
/home/ebulochkin/vla_infrastructure/.worktrees/robosyn-vr-demo/tools/run_isaac_s1.py:335: DeprecationWarning: Articulation.set_joint_position_target_index is deprecated. Use articulation.actuators.target_command.set_position_index instead.
  robot.set_joint_position_target_index(target=target, joint_ids=ids)
/home/ebulochkin/vla_infrastructure/.worktrees/robosyn-vr-demo/tools/run_isaac_s1.py:335: DeprecationWarning: Articulation.set_joint_position_target_index is deprecated. Use articulation.actuators.target_command.set_position_index instead.
  robot.set_joint_position_target_index(target=target, joint_ids=ids)
{"camera_valid": true, "event": "s2_status", "left": "session_inactive", "left_mode": "normal", "right": "session_inactive", "right_mode": "normal", "session_running": true, "step": 1470}
/home/ebulochkin/vla_infrastructure/.worktrees/robosyn-vr-demo/tools/run_isaac_s1.py:335: DeprecationWarning: Articulation.set_joint_position_target_index is deprecated. Use articulation.actuators.target_command.set_position_index instead.
  robot.set_joint_position_target_index(target=target, joint_ids=ids)
/home/ebulochkin/vla_infrastructure/.worktrees/robosyn-vr-demo/tools/run_isaac_s1.py:335: DeprecationWarning: Articulation.set_joint_position_target_index is deprecated. Use articulation.actuators.target_command.set_position_index instead.
  robot.set_joint_position_target_index(target=target, joint_ids=ids)
{"camera_valid": true, "event": "s2_status", "left": "motion", "left_mode": "normal", "right": "motion", "right_mode": "normal", "session_running": true, "step": 1500}
/home/ebulochkin/vla_infrastructure/.worktrees/robosyn-vr-demo/tools/run_isaac_s1.py:335: DeprecationWarning: Articulation.set_joint_position_target_index is deprecated. Use articulation.actuators.target_command.set_position_index instead.
  robot.set_joint_position_target_index(target=target, joint_ids=ids)
/home/ebulochkin/vla_infrastructure/.worktrees/robosyn-vr-demo/tools/run_isaac_s1.py:335: DeprecationWarning: Articulation.set_joint_position_target_index is deprecated. Use articulation.actuators.target_command.set_position_index instead.
  robot.set_joint_position_target_index(target=target, joint_ids=ids)
{"camera_valid": true, "event": "s2_status", "left": "motion", "left_mode": "normal", "right": "motion", "right_mode": "normal", "session_running": true, "step": 1530}
/home/ebulochkin/vla_infrastructure/.worktrees/robosyn-vr-demo/tools/run_isaac_s1.py:335: DeprecationWarning: Articulation.set_joint_position_target_index is deprecated. Use articulation.actuators.target_command.set_position_index instead.
  robot.set_joint_position_target_index(target=target, joint_ids=ids)
/home/ebulochkin/vla_infrastructure/.worktrees/robosyn-vr-demo/tools/run_isaac_s1.py:335: DeprecationWarning: Articulation.set_joint_position_target_index is deprecated. Use articulation.actuators.target_command.set_position_index instead.
  robot.set_joint_position_target_index(target=target, joint_ids=ids)
{"camera_valid": true, "event": "s2_status", "left": "motion", "left_mode": "normal", "right": "motion", "right_mode": "normal", "session_running": true, "step": 1560}
/home/ebulochkin/vla_infrastructure/.worktrees/robosyn-vr-demo/tools/run_isaac_s1.py:335: DeprecationWarning: Articulation.set_joint_position_target_index is deprecated. Use articulation.actuators.target_command.set_position_index instead.
  robot.set_joint_position_target_index(target=target, joint_ids=ids)
/home/ebulochkin/vla_infrastructure/.worktrees/robosyn-vr-demo/tools/run_isaac_s1.py:335: DeprecationWarning: Articulation.set_joint_position_target_index is deprecated. Use articulation.actuators.target_command.set_position_index instead.
  robot.set_joint_position_target_index(target=target, joint_ids=ids)
{"camera_valid": true, "event": "s2_status", "left": "motion", "left_mode": "normal", "right": "motion", "right_mode": "normal", "session_running": true, "step": 1590}
/home/ebulochkin/vla_infrastructure/.worktrees/robosyn-vr-demo/tools/run_isaac_s1.py:335: DeprecationWarning: Articulation.set_joint_position_target_index is deprecated. Use articulation.actuators.target_command.set_position_index instead.
  robot.set_joint_position_target_index(target=target, joint_ids=ids)
/home/ebulochkin/vla_infrastructure/.worktrees/robosyn-vr-demo/tools/run_isaac_s1.py:335: DeprecationWarning: Articulation.set_joint_position_target_index is deprecated. Use articulation.actuators.target_command.set_position_index instead.
  robot.set_joint_position_target_index(target=target, joint_ids=ids)
{"camera_valid": true, "event": "s2_status", "left": "motion", "left_mode": "normal", "right": "motion", "right_mode": "normal", "session_running": true, "step": 1620}
/home/ebulochkin/vla_infrastructure/.worktrees/robosyn-vr-demo/tools/run_isaac_s1.py:335: DeprecationWarning: Articulation.set_joint_position_target_index is deprecated. Use articulation.actuators.target_command.set_position_index instead.
  robot.set_joint_position_target_index(target=target, joint_ids=ids)
/home/ebulochkin/vla_infrastructure/.worktrees/robosyn-vr-demo/tools/run_isaac_s1.py:335: DeprecationWarning: Articulation.set_joint_position_target_index is deprecated. Use articulation.actuators.target_command.set_position_index instead.
  robot.set_joint_position_target_index(target=target, joint_ids=ids)
{"camera_valid": true, "event": "s2_status", "left": "motion", "left_mode": "normal", "right": "motion", "right_mode": "normal", "session_running": true, "step": 1650}
/home/ebulochkin/vla_infrastructure/.worktrees/robosyn-vr-demo/tools/run_isaac_s1.py:335: DeprecationWarning: Articulation.set_joint_position_target_index is deprecated. Use articulation.actuators.target_command.set_position_index instead.
  robot.set_joint_position_target_index(target=target, joint_ids=ids)
/home/ebulochkin/vla_infrastructure/.worktrees/robosyn-vr-demo/tools/run_isaac_s1.py:335: DeprecationWarning: Articulation.set_joint_position_target_index is deprecated. Use articulation.actuators.target_command.set_position_index instead.
  robot.set_joint_position_target_index(target=target, joint_ids=ids)
{"camera_valid": true, "event": "s2_status", "left": "motion", "left_mode": "normal", "right": "motion", "right_mode": "normal", "session_running": true, "step": 1680}
/home/ebulochkin/vla_infrastructure/.worktrees/robosyn-vr-demo/tools/run_isaac_s1.py:335: DeprecationWarning: Articulation.set_joint_position_target_index is deprecated. Use articulation.actuators.target_command.set_position_index instead.
  robot.set_joint_position_target_index(target=target, joint_ids=ids)
/home/ebulochkin/vla_infrastructure/.worktrees/robosyn-vr-demo/tools/run_isaac_s1.py:335: DeprecationWarning: Articulation.set_joint_position_target_index is deprecated. Use articulation.actuators.target_command.set_position_index instead.
  robot.set_joint_position_target_index(target=target, joint_ids=ids)
{"camera_valid": true, "event": "s2_status", "left": "motion", "left_mode": "normal", "right": "motion", "right_mode": "normal", "session_running": true, "step": 1710}
/home/ebulochkin/vla_infrastructure/.worktrees/robosyn-vr-demo/tools/run_isaac_s1.py:335: DeprecationWarning: Articulation.set_joint_position_target_index is deprecated. Use articulation.actuators.target_command.set_position_index instead.
  robot.set_joint_position_target_index(target=target, joint_ids=ids)
/home/ebulochkin/vla_infrastructure/.worktrees/robosyn-vr-demo/tools/run_isaac_s1.py:335: DeprecationWarning: Articulation.set_joint_position_target_index is deprecated. Use articulation.actuators.target_command.set_position_index instead.
  robot.set_joint_position_target_index(target=target, joint_ids=ids)
{"camera_valid": true, "event": "s2_status", "left": "motion", "left_mode": "normal", "right": "motion", "right_mode": "normal", "session_running": true, "step": 1740}
/home/ebulochkin/vla_infrastructure/.worktrees/robosyn-vr-demo/tools/run_isaac_s1.py:335: DeprecationWarning: Articulation.set_joint_position_target_index is deprecated. Use articulation.actuators.target_command.set_position_index instead.
  robot.set_joint_position_target_index(target=target, joint_ids=ids)
/home/ebulochkin/vla_infrastructure/.worktrees/robosyn-vr-demo/tools/run_isaac_s1.py:335: DeprecationWarning: Articulation.set_joint_position_target_index is deprecated. Use articulation.actuators.target_command.set_position_index instead.
  robot.set_joint_position_target_index(target=target, joint_ids=ids)
{"camera_valid": true, "event": "s2_status", "left": "motion", "left_mode": "normal", "right": "motion", "right_mode": "normal", "session_running": true, "step": 1770}
/home/ebulochkin/vla_infrastructure/.worktrees/robosyn-vr-demo/tools/run_isaac_s1.py:335: DeprecationWarning: Articulation.set_joint_position_target_index is deprecated. Use articulation.actuators.target_command.set_position_index instead.
  robot.set_joint_position_target_index(target=target, joint_ids=ids)
/home/ebulochkin/vla_infrastructure/.worktrees/robosyn-vr-demo/tools/run_isaac_s1.py:335: DeprecationWarning: Articulation.set_joint_position_target_index is deprecated. Use articulation.actuators.target_command.set_position_index instead.
  robot.set_joint_position_target_index(target=target, joint_ids=ids)
{"camera_valid": true, "event": "s2_status", "left": "motion", "left_mode": "normal", "right": "motion", "right_mode": "normal", "session_running": true, "step": 1800}
/home/ebulochkin/vla_infrastructure/.worktrees/robosyn-vr-demo/tools/run_isaac_s1.py:335: DeprecationWarning: Articulation.set_joint_position_target_index is deprecated. Use articulation.actuators.target_command.set_position_index instead.
  robot.set_joint_position_target_index(target=target, joint_ids=ids)
/home/ebulochkin/vla_infrastructure/.worktrees/robosyn-vr-demo/tools/run_isaac_s1.py:335: DeprecationWarning: Articulation.set_joint_position_target_index is deprecated. Use articulation.actuators.target_command.set_position_index instead.
  robot.set_joint_position_target_index(target=target, joint_ids=ids)
{"camera_valid": true, "event": "s2_status", "left": "motion", "left_mode": "normal", "right": "motion", "right_mode": "normal", "session_running": true, "step": 1830}
/home/ebulochkin/vla_infrastructure/.worktrees/robosyn-vr-demo/tools/run_isaac_s1.py:335: DeprecationWarning: Articulation.set_joint_position_target_index is deprecated. Use articulation.actuators.target_command.set_position_index instead.
  robot.set_joint_position_target_index(target=target, joint_ids=ids)
/home/ebulochkin/vla_infrastructure/.worktrees/robosyn-vr-demo/tools/run_isaac_s1.py:335: DeprecationWarning: Articulation.set_joint_position_target_index is deprecated. Use articulation.actuators.target_command.set_position_index instead.
  robot.set_joint_position_target_index(target=target, joint_ids=ids)
{"camera_valid": true, "event": "s2_status", "left": "clutch_held", "left_mode": "normal", "right": "motion", "right_mode": "normal", "session_running": true, "step": 1860}
/home/ebulochkin/vla_infrastructure/.worktrees/robosyn-vr-demo/tools/run_isaac_s1.py:335: DeprecationWarning: Articulation.set_joint_position_target_index is deprecated. Use articulation.actuators.target_command.set_position_index instead.
  robot.set_joint_position_target_index(target=target, joint_ids=ids)
/home/ebulochkin/vla_infrastructure/.worktrees/robosyn-vr-demo/tools/run_isaac_s1.py:335: DeprecationWarning: Articulation.set_joint_position_target_index is deprecated. Use articulation.actuators.target_command.set_position_index instead.
  robot.set_joint_position_target_index(target=target, joint_ids=ids)
{"camera_valid": true, "event": "s2_status", "left": "motion", "left_mode": "normal", "right": "motion", "right_mode": "normal", "session_running": true, "step": 1890}
/home/ebulochkin/vla_infrastructure/.worktrees/robosyn-vr-demo/tools/run_isaac_s1.py:335: DeprecationWarning: Articulation.set_joint_position_target_index is deprecated. Use articulation.actuators.target_command.set_position_index instead.
  robot.set_joint_position_target_index(target=target, joint_ids=ids)
/home/ebulochkin/vla_infrastructure/.worktrees/robosyn-vr-demo/tools/run_isaac_s1.py:335: DeprecationWarning: Articulation.set_joint_position_target_index is deprecated. Use articulation.actuators.target_command.set_position_index instead.
  robot.set_joint_position_target_index(target=target, joint_ids=ids)
{"camera_valid": true, "event": "s2_status", "left": "motion", "left_mode": "normal", "right": "motion", "right_mode": "normal", "session_running": true, "step": 1920}
/home/ebulochkin/vla_infrastructure/.worktrees/robosyn-vr-demo/tools/run_isaac_s1.py:335: DeprecationWarning: Articulation.set_joint_position_target_index is deprecated. Use articulation.actuators.target_command.set_position_index instead.
  robot.set_joint_position_target_index(target=target, joint_ids=ids)
/home/ebulochkin/vla_infrastructure/.worktrees/robosyn-vr-demo/tools/run_isaac_s1.py:335: DeprecationWarning: Articulation.set_joint_position_target_index is deprecated. Use articulation.actuators.target_command.set_position_index instead.
  robot.set_joint_position_target_index(target=target, joint_ids=ids)
{"camera_valid": true, "event": "s2_status", "left": "clutch_held", "left_mode": "normal", "right": "motion", "right_mode": "normal", "session_running": true, "step": 1950}
/home/ebulochkin/vla_infrastructure/.worktrees/robosyn-vr-demo/tools/run_isaac_s1.py:335: DeprecationWarning: Articulation.set_joint_position_target_index is deprecated. Use articulation.actuators.target_command.set_position_index instead.
  robot.set_joint_position_target_index(target=target, joint_ids=ids)
/home/ebulochkin/vla_infrastructure/.worktrees/robosyn-vr-demo/tools/run_isaac_s1.py:335: DeprecationWarning: Articulation.set_joint_position_target_index is deprecated. Use articulation.actuators.target_command.set_position_index instead.
  robot.set_joint_position_target_index(target=target, joint_ids=ids)
{"camera_valid": true, "event": "s2_status", "left": "clutch_held", "left_mode": "normal", "right": "motion", "right_mode": "normal", "session_running": true, "step": 1980}
/home/ebulochkin/vla_infrastructure/.worktrees/robosyn-vr-demo/tools/run_isaac_s1.py:335: DeprecationWarning: Articulation.set_joint_position_target_index is deprecated. Use articulation.actuators.target_command.set_position_index instead.
  robot.set_joint_position_target_index(target=target, joint_ids=ids)
/home/ebulochkin/vla_infrastructure/.worktrees/robosyn-vr-demo/tools/run_isaac_s1.py:335: DeprecationWarning: Articulation.set_joint_position_target_index is deprecated. Use articulation.actuators.target_command.set_position_index instead.
  robot.set_joint_position_target_index(target=target, joint_ids=ids)
{"camera_valid": true, "event": "s2_status", "left": "clutch_held", "left_mode": "normal", "right": "motion", "right_mode": "normal", "session_running": true, "step": 2010}
/home/ebulochkin/vla_infrastructure/.worktrees/robosyn-vr-demo/tools/run_isaac_s1.py:335: DeprecationWarning: Articulation.set_joint_position_target_index is deprecated. Use articulation.actuators.target_command.set_position_index instead.
  robot.set_joint_position_target_index(target=target, joint_ids=ids)
/home/ebulochkin/vla_infrastructure/.worktrees/robosyn-vr-demo/tools/run_isaac_s1.py:335: DeprecationWarning: Articulation.set_joint_position_target_index is deprecated. Use articulation.actuators.target_command.set_position_index instead.
  robot.set_joint_position_target_index(target=target, joint_ids=ids)
{"camera_valid": true, "event": "s2_status", "left": "motion", "left_mode": "normal", "right": "motion", "right_mode": "normal", "session_running": true, "step": 2040}
/home/ebulochkin/vla_infrastructure/.worktrees/robosyn-vr-demo/tools/run_isaac_s1.py:335: DeprecationWarning: Articulation.set_joint_position_target_index is deprecated. Use articulation.actuators.target_command.set_position_index instead.
  robot.set_joint_position_target_index(target=target, joint_ids=ids)
/home/ebulochkin/vla_infrastructure/.worktrees/robosyn-vr-demo/tools/run_isaac_s1.py:335: DeprecationWarning: Articulation.set_joint_position_target_index is deprecated. Use articulation.actuators.target_command.set_position_index instead.
  robot.set_joint_position_target_index(target=target, joint_ids=ids)
{"camera_valid": true, "event": "s2_status", "left": "motion", "left_mode": "normal", "right": "clutch_engaged", "right_mode": "normal", "session_running": true, "step": 2070}
/home/ebulochkin/vla_infrastructure/.worktrees/robosyn-vr-demo/tools/run_isaac_s1.py:335: DeprecationWarning: Articulation.set_joint_position_target_index is deprecated. Use articulation.actuators.target_command.set_position_index instead.
  robot.set_joint_position_target_index(target=target, joint_ids=ids)
/home/ebulochkin/vla_infrastructure/.worktrees/robosyn-vr-demo/tools/run_isaac_s1.py:335: DeprecationWarning: Articulation.set_joint_position_target_index is deprecated. Use articulation.actuators.target_command.set_position_index instead.
  robot.set_joint_position_target_index(target=target, joint_ids=ids)
{"camera_valid": true, "event": "s2_status", "left": "motion", "left_mode": "normal", "right": "motion", "right_mode": "normal", "session_running": true, "step": 2100}
/home/ebulochkin/vla_infrastructure/.worktrees/robosyn-vr-demo/tools/run_isaac_s1.py:335: DeprecationWarning: Articulation.set_joint_position_target_index is deprecated. Use articulation.actuators.target_command.set_position_index instead.
  robot.set_joint_position_target_index(target=target, joint_ids=ids)
/home/ebulochkin/vla_infrastructure/.worktrees/robosyn-vr-demo/tools/run_isaac_s1.py:335: DeprecationWarning: Articulation.set_joint_position_target_index is deprecated. Use articulation.actuators.target_command.set_position_index instead.
  robot.set_joint_position_target_index(target=target, joint_ids=ids)
{"camera_valid": true, "event": "s2_status", "left": "motion", "left_mode": "normal", "right": "motion", "right_mode": "normal", "session_running": true, "step": 2130}
/home/ebulochkin/vla_infrastructure/.worktrees/robosyn-vr-demo/tools/run_isaac_s1.py:335: DeprecationWarning: Articulation.set_joint_position_target_index is deprecated. Use articulation.actuators.target_command.set_position_index instead.
  robot.set_joint_position_target_index(target=target, joint_ids=ids)
/home/ebulochkin/vla_infrastructure/.worktrees/robosyn-vr-demo/tools/run_isaac_s1.py:335: DeprecationWarning: Articulation.set_joint_position_target_index is deprecated. Use articulation.actuators.target_command.set_position_index instead.
  robot.set_joint_position_target_index(target=target, joint_ids=ids)
{"camera_valid": true, "event": "s2_status", "left": "motion", "left_mode": "normal", "right": "motion", "right_mode": "normal", "session_running": true, "step": 2160}
/home/ebulochkin/vla_infrastructure/.worktrees/robosyn-vr-demo/tools/run_isaac_s1.py:335: DeprecationWarning: Articulation.set_joint_position_target_index is deprecated. Use articulation.actuators.target_command.set_position_index instead.
  robot.set_joint_position_target_index(target=target, joint_ids=ids)
/home/ebulochkin/vla_infrastructure/.worktrees/robosyn-vr-demo/tools/run_isaac_s1.py:335: DeprecationWarning: Articulation.set_joint_position_target_index is deprecated. Use articulation.actuators.target_command.set_position_index instead.
  robot.set_joint_position_target_index(target=target, joint_ids=ids)
{"camera_valid": true, "event": "s2_status", "left": "motion", "left_mode": "normal", "right": "motion", "right_mode": "normal", "session_running": true, "step": 2190}
/home/ebulochkin/vla_infrastructure/.worktrees/robosyn-vr-demo/tools/run_isaac_s1.py:335: DeprecationWarning: Articulation.set_joint_position_target_index is deprecated. Use articulation.actuators.target_command.set_position_index instead.
  robot.set_joint_position_target_index(target=target, joint_ids=ids)
/home/ebulochkin/vla_infrastructure/.worktrees/robosyn-vr-demo/tools/run_isaac_s1.py:335: DeprecationWarning: Articulation.set_joint_position_target_index is deprecated. Use articulation.actuators.target_command.set_position_index instead.
  robot.set_joint_position_target_index(target=target, joint_ids=ids)
{"camera_valid": true, "event": "s2_status", "left": "motion", "left_mode": "normal", "right": "motion", "right_mode": "normal", "session_running": true, "step": 2220}
/home/ebulochkin/vla_infrastructure/.worktrees/robosyn-vr-demo/tools/run_isaac_s1.py:335: DeprecationWarning: Articulation.set_joint_position_target_index is deprecated. Use articulation.actuators.target_command.set_position_index instead.
  robot.set_joint_position_target_index(target=target, joint_ids=ids)
/home/ebulochkin/vla_infrastructure/.worktrees/robosyn-vr-demo/tools/run_isaac_s1.py:335: DeprecationWarning: Articulation.set_joint_position_target_index is deprecated. Use articulation.actuators.target_command.set_position_index instead.
  robot.set_joint_position_target_index(target=target, joint_ids=ids)
{"camera_valid": true, "event": "s2_status", "left": "motion", "left_mode": "normal", "right": "motion", "right_mode": "normal", "session_running": true, "step": 2250}
/home/ebulochkin/vla_infrastructure/.worktrees/robosyn-vr-demo/tools/run_isaac_s1.py:335: DeprecationWarning: Articulation.set_joint_position_target_index is deprecated. Use articulation.actuators.target_command.set_position_index instead.
  robot.set_joint_position_target_index(target=target, joint_ids=ids)
/home/ebulochkin/vla_infrastructure/.worktrees/robosyn-vr-demo/tools/run_isaac_s1.py:335: DeprecationWarning: Articulation.set_joint_position_target_index is deprecated. Use articulation.actuators.target_command.set_position_index instead.
  robot.set_joint_position_target_index(target=target, joint_ids=ids)
{"camera_valid": true, "event": "s2_status", "left": "motion", "left_mode": "normal", "right": "motion", "right_mode": "normal", "session_running": true, "step": 2280}
/home/ebulochkin/vla_infrastructure/.worktrees/robosyn-vr-demo/tools/run_isaac_s1.py:335: DeprecationWarning: Articulation.set_joint_position_target_index is deprecated. Use articulation.actuators.target_command.set_position_index instead.
  robot.set_joint_position_target_index(target=target, joint_ids=ids)
/home/ebulochkin/vla_infrastructure/.worktrees/robosyn-vr-demo/tools/run_isaac_s1.py:335: DeprecationWarning: Articulation.set_joint_position_target_index is deprecated. Use articulation.actuators.target_command.set_position_index instead.
  robot.set_joint_position_target_index(target=target, joint_ids=ids)
{"camera_valid": true, "event": "s2_status", "left": "motion", "left_mode": "normal", "right": "motion", "right_mode": "normal", "session_running": true, "step": 2310}
/home/ebulochkin/vla_infrastructure/.worktrees/robosyn-vr-demo/tools/run_isaac_s1.py:335: DeprecationWarning: Articulation.set_joint_position_target_index is deprecated. Use articulation.actuators.target_command.set_position_index instead.
  robot.set_joint_position_target_index(target=target, joint_ids=ids)
/home/ebulochkin/vla_infrastructure/.worktrees/robosyn-vr-demo/tools/run_isaac_s1.py:335: DeprecationWarning: Articulation.set_joint_position_target_index is deprecated. Use articulation.actuators.target_command.set_position_index instead.
  robot.set_joint_position_target_index(target=target, joint_ids=ids)
{"camera_valid": true, "event": "s2_status", "left": "motion", "left_mode": "normal", "right": "motion", "right_mode": "normal", "session_running": true, "step": 2340}
/home/ebulochkin/vla_infrastructure/.worktrees/robosyn-vr-demo/tools/run_isaac_s1.py:335: DeprecationWarning: Articulation.set_joint_position_target_index is deprecated. Use articulation.actuators.target_command.set_position_index instead.
  robot.set_joint_position_target_index(target=target, joint_ids=ids)
/home/ebulochkin/vla_infrastructure/.worktrees/robosyn-vr-demo/tools/run_isaac_s1.py:335: DeprecationWarning: Articulation.set_joint_position_target_index is deprecated. Use articulation.actuators.target_command.set_position_index instead.
  robot.set_joint_position_target_index(target=target, joint_ids=ids)
{"camera_valid": true, "event": "s2_status", "left": "motion", "left_mode": "normal", "right": "motion", "right_mode": "normal", "session_running": true, "step": 2370}
/home/ebulochkin/vla_infrastructure/.worktrees/robosyn-vr-demo/tools/run_isaac_s1.py:335: DeprecationWarning: Articulation.set_joint_position_target_index is deprecated. Use articulation.actuators.target_command.set_position_index instead.
  robot.set_joint_position_target_index(target=target, joint_ids=ids)
/home/ebulochkin/vla_infrastructure/.worktrees/robosyn-vr-demo/tools/run_isaac_s1.py:335: DeprecationWarning: Articulation.set_joint_position_target_index is deprecated. Use articulation.actuators.target_command.set_position_index instead.
  robot.set_joint_position_target_index(target=target, joint_ids=ids)
{"control": "left_secondary_click", "event": "sensitivity_mode_changed", "modes": {"left": "precise", "right": "precise"}, "session_running": true, "step": 2394, "zero_delta_on_switch": true}
{"camera_valid": true, "event": "s2_status", "left": "motion", "left_mode": "precise", "right": "motion", "right_mode": "precise", "session_running": true, "step": 2400}
/home/ebulochkin/vla_infrastructure/.worktrees/robosyn-vr-demo/tools/run_isaac_s1.py:335: DeprecationWarning: Articulation.set_joint_position_target_index is deprecated. Use articulation.actuators.target_command.set_position_index instead.
  robot.set_joint_position_target_index(target=target, joint_ids=ids)
{"control": "left_secondary_click", "event": "sensitivity_mode_changed", "modes": {"left": "normal", "right": "normal"}, "session_running": true, "step": 2412, "zero_delta_on_switch": true}
/home/ebulochkin/vla_infrastructure/.worktrees/robosyn-vr-demo/tools/run_isaac_s1.py:335: DeprecationWarning: Articulation.set_joint_position_target_index is deprecated. Use articulation.actuators.target_command.set_position_index instead.
  robot.set_joint_position_target_index(target=target, joint_ids=ids)
{"control": "left_secondary_click", "event": "sensitivity_mode_changed", "modes": {"left": "precise", "right": "precise"}, "session_running": true, "step": 2426, "zero_delta_on_switch": true}
{"camera_valid": true, "event": "s2_status", "left": "motion", "left_mode": "precise", "right": "motion", "right_mode": "precise", "session_running": true, "step": 2430}
/home/ebulochkin/vla_infrastructure/.worktrees/robosyn-vr-demo/tools/run_isaac_s1.py:335: DeprecationWarning: Articulation.set_joint_position_target_index is deprecated. Use articulation.actuators.target_command.set_position_index instead.
  robot.set_joint_position_target_index(target=target, joint_ids=ids)
{"control": "left_secondary_click", "event": "sensitivity_mode_changed", "modes": {"left": "normal", "right": "normal"}, "session_running": true, "step": 2442, "zero_delta_on_switch": true}
/home/ebulochkin/vla_infrastructure/.worktrees/robosyn-vr-demo/tools/run_isaac_s1.py:335: DeprecationWarning: Articulation.set_joint_position_target_index is deprecated. Use articulation.actuators.target_command.set_position_index instead.
  robot.set_joint_position_target_index(target=target, joint_ids=ids)
{"camera_valid": true, "event": "s2_status", "left": "motion", "left_mode": "normal", "right": "motion", "right_mode": "normal", "session_running": true, "step": 2460}
/home/ebulochkin/vla_infrastructure/.worktrees/robosyn-vr-demo/tools/run_isaac_s1.py:335: DeprecationWarning: Articulation.set_joint_position_target_index is deprecated. Use articulation.actuators.target_command.set_position_index instead.
  robot.set_joint_position_target_index(target=target, joint_ids=ids)
{"control": "left_secondary_click", "event": "sensitivity_mode_changed", "modes": {"left": "precise", "right": "precise"}, "session_running": true, "step": 2468, "zero_delta_on_switch": true}
/home/ebulochkin/vla_infrastructure/.worktrees/robosyn-vr-demo/tools/run_isaac_s1.py:335: DeprecationWarning: Articulation.set_joint_position_target_index is deprecated. Use articulation.actuators.target_command.set_position_index instead.
  robot.set_joint_position_target_index(target=target, joint_ids=ids)
{"control": "left_secondary_click", "event": "sensitivity_mode_changed", "modes": {"left": "normal", "right": "normal"}, "session_running": true, "step": 2477, "zero_delta_on_switch": true}
{"camera_valid": true, "event": "s2_status", "left": "motion", "left_mode": "normal", "right": "motion", "right_mode": "normal", "session_running": true, "step": 2490}
/home/ebulochkin/vla_infrastructure/.worktrees/robosyn-vr-demo/tools/run_isaac_s1.py:335: DeprecationWarning: Articulation.set_joint_position_target_index is deprecated. Use articulation.actuators.target_command.set_position_index instead.
  robot.set_joint_position_target_index(target=target, joint_ids=ids)
/home/ebulochkin/vla_infrastructure/.worktrees/robosyn-vr-demo/tools/run_isaac_s1.py:335: DeprecationWarning: Articulation.set_joint_position_target_index is deprecated. Use articulation.actuators.target_command.set_position_index instead.
  robot.set_joint_position_target_index(target=target, joint_ids=ids)
{"camera_valid": true, "event": "s2_status", "left": "motion", "left_mode": "normal", "right": "motion", "right_mode": "normal", "session_running": true, "step": 2520}
/home/ebulochkin/vla_infrastructure/.worktrees/robosyn-vr-demo/tools/run_isaac_s1.py:335: DeprecationWarning: Articulation.set_joint_position_target_index is deprecated. Use articulation.actuators.target_command.set_position_index instead.
  robot.set_joint_position_target_index(target=target, joint_ids=ids)
{"authoritative_scene_geometry_changed": false, "control": "right_thumbstick_click", "event": "demo_xr_recenter_requested", "event_origin": "controller_pipeline", "quest_button": "R3", "scheduled": true, "session_restart": false, "view_prim_path": "/World/RobosynDemo/SceneCamera"}
/home/ebulochkin/vla_infrastructure/.worktrees/robosyn-vr-demo/tools/run_isaac_s1.py:335: DeprecationWarning: Articulation.set_joint_position_target_index is deprecated. Use articulation.actuators.target_command.set_position_index instead.
  robot.set_joint_position_target_index(target=target, joint_ids=ids)
{"camera_valid": true, "event": "s2_status", "left": "session_inactive", "left_mode": "normal", "right": "session_inactive", "right_mode": "normal", "session_running": true, "step": 2550}
/home/ebulochkin/vla_infrastructure/.worktrees/robosyn-vr-demo/tools/run_isaac_s1.py:335: DeprecationWarning: Articulation.set_joint_position_target_index is deprecated. Use articulation.actuators.target_command.set_position_index instead.
  robot.set_joint_position_target_index(target=target, joint_ids=ids)
/home/ebulochkin/vla_infrastructure/.worktrees/robosyn-vr-demo/tools/run_isaac_s1.py:335: DeprecationWarning: Articulation.set_joint_position_target_index is deprecated. Use articulation.actuators.target_command.set_position_index instead.
  robot.set_joint_position_target_index(target=target, joint_ids=ids)
{"camera_valid": true, "event": "s2_status", "left": "session_inactive", "left_mode": "normal", "right": "session_inactive", "right_mode": "normal", "session_running": true, "step": 2580}
/home/ebulochkin/vla_infrastructure/.worktrees/robosyn-vr-demo/tools/run_isaac_s1.py:335: DeprecationWarning: Articulation.set_joint_position_target_index is deprecated. Use articulation.actuators.target_command.set_position_index instead.
  robot.set_joint_position_target_index(target=target, joint_ids=ids)
/home/ebulochkin/vla_infrastructure/.worktrees/robosyn-vr-demo/tools/run_isaac_s1.py:335: DeprecationWarning: Articulation.set_joint_position_target_index is deprecated. Use articulation.actuators.target_command.set_position_index instead.
  robot.set_joint_position_target_index(target=target, joint_ids=ids)
{"camera_valid": true, "event": "s2_status", "left": "session_inactive", "left_mode": "normal", "right": "session_inactive", "right_mode": "normal", "session_running": true, "step": 2610}
/home/ebulochkin/vla_infrastructure/.worktrees/robosyn-vr-demo/tools/run_isaac_s1.py:335: DeprecationWarning: Articulation.set_joint_position_target_index is deprecated. Use articulation.actuators.target_command.set_position_index instead.
  robot.set_joint_position_target_index(target=target, joint_ids=ids)
/home/ebulochkin/vla_infrastructure/.worktrees/robosyn-vr-demo/tools/run_isaac_s1.py:335: DeprecationWarning: Articulation.set_joint_position_target_index is deprecated. Use articulation.actuators.target_command.set_position_index instead.
  robot.set_joint_position_target_index(target=target, joint_ids=ids)
{"camera_valid": true, "event": "s2_status", "left": "session_inactive", "left_mode": "normal", "right": "session_inactive", "right_mode": "normal", "session_running": true, "step": 2640}
/home/ebulochkin/vla_infrastructure/.worktrees/robosyn-vr-demo/tools/run_isaac_s1.py:335: DeprecationWarning: Articulation.set_joint_position_target_index is deprecated. Use articulation.actuators.target_command.set_position_index instead.
  robot.set_joint_position_target_index(target=target, joint_ids=ids)
/home/ebulochkin/vla_infrastructure/.worktrees/robosyn-vr-demo/tools/run_isaac_s1.py:335: DeprecationWarning: Articulation.set_joint_position_target_index is deprecated. Use articulation.actuators.target_command.set_position_index instead.
  robot.set_joint_position_target_index(target=target, joint_ids=ids)
{"camera_valid": true, "event": "s2_status", "left": "session_inactive", "left_mode": "normal", "right": "session_inactive", "right_mode": "normal", "session_running": true, "step": 2670}
/home/ebulochkin/vla_infrastructure/.worktrees/robosyn-vr-demo/tools/run_isaac_s1.py:335: DeprecationWarning: Articulation.set_joint_position_target_index is deprecated. Use articulation.actuators.target_command.set_position_index instead.
  robot.set_joint_position_target_index(target=target, joint_ids=ids)
/home/ebulochkin/vla_infrastructure/.worktrees/robosyn-vr-demo/tools/run_isaac_s1.py:335: DeprecationWarning: Articulation.set_joint_position_target_index is deprecated. Use articulation.actuators.target_command.set_position_index instead.
  robot.set_joint_position_target_index(target=target, joint_ids=ids)
{"camera_valid": true, "event": "s2_status", "left": "session_inactive", "left_mode": "normal", "right": "session_inactive", "right_mode": "normal", "session_running": true, "step": 2700}
/home/ebulochkin/vla_infrastructure/.worktrees/robosyn-vr-demo/tools/run_isaac_s1.py:335: DeprecationWarning: Articulation.set_joint_position_target_index is deprecated. Use articulation.actuators.target_command.set_position_index instead.
  robot.set_joint_position_target_index(target=target, joint_ids=ids)
/home/ebulochkin/vla_infrastructure/.worktrees/robosyn-vr-demo/tools/run_isaac_s1.py:335: DeprecationWarning: Articulation.set_joint_position_target_index is deprecated. Use articulation.actuators.target_command.set_position_index instead.
  robot.set_joint_position_target_index(target=target, joint_ids=ids)
{"camera_valid": true, "event": "s2_status", "left": "session_inactive", "left_mode": "normal", "right": "session_inactive", "right_mode": "normal", "session_running": true, "step": 2730}
/home/ebulochkin/vla_infrastructure/.worktrees/robosyn-vr-demo/tools/run_isaac_s1.py:335: DeprecationWarning: Articulation.set_joint_position_target_index is deprecated. Use articulation.actuators.target_command.set_position_index instead.
  robot.set_joint_position_target_index(target=target, joint_ids=ids)
/home/ebulochkin/vla_infrastructure/.worktrees/robosyn-vr-demo/tools/run_isaac_s1.py:335: DeprecationWarning: Articulation.set_joint_position_target_index is deprecated. Use articulation.actuators.target_command.set_position_index instead.
  robot.set_joint_position_target_index(target=target, joint_ids=ids)
{"camera_valid": true, "event": "s2_status", "left": "session_inactive", "left_mode": "normal", "right": "session_inactive", "right_mode": "normal", "session_running": true, "step": 2760}
/home/ebulochkin/vla_infrastructure/.worktrees/robosyn-vr-demo/tools/run_isaac_s1.py:335: DeprecationWarning: Articulation.set_joint_position_target_index is deprecated. Use articulation.actuators.target_command.set_position_index instead.
  robot.set_joint_position_target_index(target=target, joint_ids=ids)
/home/ebulochkin/vla_infrastructure/.worktrees/robosyn-vr-demo/tools/run_isaac_s1.py:335: DeprecationWarning: Articulation.set_joint_position_target_index is deprecated. Use articulation.actuators.target_command.set_position_index instead.
  robot.set_joint_position_target_index(target=target, joint_ids=ids)
{"camera_valid": true, "event": "s2_status", "left": "session_inactive", "left_mode": "normal", "right": "session_inactive", "right_mode": "normal", "session_running": true, "step": 2790}
/home/ebulochkin/vla_infrastructure/.worktrees/robosyn-vr-demo/tools/run_isaac_s1.py:335: DeprecationWarning: Articulation.set_joint_position_target_index is deprecated. Use articulation.actuators.target_command.set_position_index instead.
  robot.set_joint_position_target_index(target=target, joint_ids=ids)
/home/ebulochkin/vla_infrastructure/.worktrees/robosyn-vr-demo/tools/run_isaac_s1.py:335: DeprecationWarning: Articulation.set_joint_position_target_index is deprecated. Use articulation.actuators.target_command.set_position_index instead.
  robot.set_joint_position_target_index(target=target, joint_ids=ids)
{"camera_valid": true, "event": "s2_status", "left": "session_inactive", "left_mode": "normal", "right": "session_inactive", "right_mode": "normal", "session_running": true, "step": 2820}
/home/ebulochkin/vla_infrastructure/.worktrees/robosyn-vr-demo/tools/run_isaac_s1.py:335: DeprecationWarning: Articulation.set_joint_position_target_index is deprecated. Use articulation.actuators.target_command.set_position_index instead.
  robot.set_joint_position_target_index(target=target, joint_ids=ids)
/home/ebulochkin/vla_infrastructure/.worktrees/robosyn-vr-demo/tools/run_isaac_s1.py:335: DeprecationWarning: Articulation.set_joint_position_target_index is deprecated. Use articulation.actuators.target_command.set_position_index instead.
  robot.set_joint_position_target_index(target=target, joint_ids=ids)
{"camera_valid": true, "event": "s2_status", "left": "session_inactive", "left_mode": "normal", "right": "session_inactive", "right_mode": "normal", "session_running": true, "step": 2850}
/home/ebulochkin/vla_infrastructure/.worktrees/robosyn-vr-demo/tools/run_isaac_s1.py:335: DeprecationWarning: Articulation.set_joint_position_target_index is deprecated. Use articulation.actuators.target_command.set_position_index instead.
  robot.set_joint_position_target_index(target=target, joint_ids=ids)
/home/ebulochkin/vla_infrastructure/.worktrees/robosyn-vr-demo/tools/run_isaac_s1.py:335: DeprecationWarning: Articulation.set_joint_position_target_index is deprecated. Use articulation.actuators.target_command.set_position_index instead.
  robot.set_joint_position_target_index(target=target, joint_ids=ids)
{"camera_valid": true, "event": "s2_status", "left": "session_inactive", "left_mode": "normal", "right": "session_inactive", "right_mode": "normal", "session_running": true, "step": 2880}
/home/ebulochkin/vla_infrastructure/.worktrees/robosyn-vr-demo/tools/run_isaac_s1.py:335: DeprecationWarning: Articulation.set_joint_position_target_index is deprecated. Use articulation.actuators.target_command.set_position_index instead.
  robot.set_joint_position_target_index(target=target, joint_ids=ids)
